system,split,type,n,recall@2,recall@5,recall@10,recall@20,joint@2,joint@10,p@2,p@10,mrr,hop2_recall@10,bridge_hit@3,ms_per_q
S0,eval,all,1000,0.5680,0.7080,0.7865,0.8365,0.2620,0.6000,0.5680,0.1573,0.8493,0.6010,,4.5700
S0,eval,bridge,809,0.5371,0.6693,0.7441,0.8010,0.2126,0.5216,0.5371,0.1488,0.8374,0.5229,,4.5700
S0,eval,comparison,191,0.6990,0.8717,0.9660,0.9869,0.4712,0.9319,0.6990,0.1932,0.8995,0.9319,,4.5700
S0+nostem,eval,all,1000,0.5630,0.7005,0.7870,0.8380,0.2590,0.6010,0.5630,0.1574,0.8481,0.6080,,3.8400
S0+nostem,eval,bridge,809,0.5328,0.6582,0.7441,0.8028,0.2064,0.5216,0.5328,0.1488,0.8381,0.5303,,3.8400
S0+nostem,eval,comparison,191,0.6911,0.8796,0.9686,0.9869,0.4817,0.9372,0.6911,0.1937,0.8902,0.9372,,3.8400
S0c,eval,all,1000,0.5230,0.6760,0.7685,0.8380,0.2110,0.5720,0.5230,0.1537,0.7973,0.5880,,7.1500
S0c,eval,bridge,809,0.5148,0.6570,0.7349,0.8066,0.1904,0.5105,0.5148,0.1470,0.8013,0.5266,,7.1500
S0c,eval,comparison,191,0.5576,0.7565,0.9110,0.9712,0.2984,0.8325,0.5576,0.1822,0.7802,0.8482,,7.1500
S1,eval,all,1000,0.5680,0.7080,0.7865,0.8365,0.2620,0.6000,0.5680,0.1573,0.8493,0.6010,,6.8800
S1,eval,bridge,809,0.5371,0.6693,0.7441,0.8010,0.2126,0.5216,0.5371,0.1488,0.8374,0.5229,,6.8800
S1,eval,comparison,191,0.6990,0.8717,0.9660,0.9869,0.4712,0.9319,0.6990,0.1932,0.8995,0.9319,,6.8800
S2,eval,all,1000,0.4275,0.6980,0.8075,0.8625,0.1280,0.6490,0.4275,0.1615,0.7065,0.6530,,13.2900
S2,eval,bridge,809,0.4419,0.6700,0.7781,0.8356,0.1446,0.5970,0.4419,0.1556,0.7222,0.6020,,13.2900
S2,eval,comparison,191,0.3665,0.8168,0.9319,0.9764,0.0576,0.8691,0.3665,0.1864,0.6399,0.8691,,13.2900
S3,eval,all,1000,0.5740,0.7000,0.8170,0.9135,0.3400,0.7050,0.5740,0.1634,0.8024,0.7320,0.4586,11.0300
S3,eval,bridge,809,0.5389,0.6706,0.7874,0.8962,0.2917,0.6613,0.5389,0.1575,0.7883,0.6910,0.4586,11.0300
S3,eval,comparison,191,0.7225,0.8246,0.9424,0.9869,0.5445,0.8901,0.7225,0.1885,0.8618,0.9058,,11.0300
S4,eval,all,1000,0.6475,0.7650,0.8485,0.9300,0.4940,0.7730,0.6475,0.1697,0.7979,0.7960,0.5686,36.2600
S4,eval,bridge,809,0.6304,0.7522,0.8276,0.9166,0.4821,0.7466,0.6304,0.1655,0.7846,0.7738,0.5686,36.2600
S4,eval,comparison,191,0.7199,0.8194,0.9372,0.9869,0.5445,0.8848,0.7199,0.1874,0.8542,0.8901,,36.2600
S3B,eval,all,1000,0.6200,0.7335,0.8020,0.9140,0.4170,0.6970,0.6200,0.1604,0.8042,0.7270,0.4586,41.9500
S3B,eval,bridge,809,0.5841,0.6947,0.7695,0.8962,0.3745,0.6527,0.5841,0.1539,0.7876,0.6860,0.4586,41.9500
S3B,eval,comparison,191,0.7723,0.8979,0.9398,0.9895,0.5969,0.8848,0.7723,0.1880,0.8747,0.9005,,41.9500
S5,eval,all,1000,0.6710,0.7820,0.8495,0.9340,0.5370,0.7720,0.6710,0.1699,0.7948,0.7950,0.5686,30.2900
S5,eval,bridge,809,0.6489,0.7565,0.8294,0.9209,0.5229,0.7466,0.6489,0.1659,0.7795,0.7738,0.5686,30.2900
S5,eval,comparison,191,0.7644,0.8901,0.9346,0.9895,0.5969,0.8796,0.7644,0.1869,0.8599,0.8848,,30.2900
S5+chain,eval,all,1000,0.6710,0.7820,0.8495,0.9340,0.5370,0.7720,0.6710,0.1699,0.7948,0.7950,0.5686,42.0100
S5+chain,eval,bridge,809,0.6489,0.7565,0.8294,0.9209,0.5229,0.7466,0.6489,0.1659,0.7795,0.7738,0.5686,42.0100
S5+chain,eval,comparison,191,0.7644,0.8901,0.9346,0.9895,0.5969,0.8796,0.7644,0.1869,0.8599,0.8848,,42.0100
S5+combsum,eval,all,1000,0.4690,0.8065,0.9000,0.9370,0.2150,0.8350,0.4690,0.1800,0.7107,0.8390,0.5686,49.4300
S5+combsum,eval,bridge,809,0.3949,0.7806,0.8838,0.9246,0.1137,0.8109,0.3949,0.1768,0.6611,0.8158,0.5686,49.4300
S5+combsum,eval,comparison,191,0.7827,0.9162,0.9686,0.9895,0.6440,0.9372,0.7827,0.1937,0.9208,0.9372,,49.4300
S5+nostem,eval,all,1000,0.6635,0.7820,0.8430,0.9350,0.5250,0.7670,0.6635,0.1686,0.7918,0.7920,0.5686,38.3900
S5+nostem,eval,bridge,809,0.6403,0.7577,0.8226,0.9215,0.5105,0.7417,0.6403,0.1645,0.7757,0.7713,0.5686,38.3900
S5+nostem,eval,comparison,191,0.7618,0.8848,0.9293,0.9921,0.5864,0.8743,0.7618,0.1859,0.8597,0.8796,,38.3900
S5+rrf,eval,all,1000,0.4230,0.7600,0.8680,0.9340,0.1780,0.7870,0.4230,0.1736,0.6723,0.8050,0.5686,53.1000
S5+rrf,eval,bridge,809,0.3504,0.7281,0.8473,0.9209,0.0878,0.7577,0.3504,0.1695,0.6175,0.7800,0.5686,53.1000
S5+rrf,eval,comparison,191,0.7304,0.8953,0.9555,0.9895,0.5602,0.9110,0.7304,0.1911,0.9043,0.9110,,53.1000
