qid,type,recall@2,recall@5,recall@10,recall@20,joint@2,joint@10,p@2,p@10,mrr,hop2_recall@10,bridge_hit@3
5a7ec6f355429934daa2fc61,comparison,1.0,1.0,1.0,1.0,1.0,1.0,1.0,0.2,1.0,1.0,
5a838a3d554299123d8c215d,bridge,0.0,0.0,0.0,0.5,0.0,0.0,0.0,0.0,0.06666666666666667,0.0,0.0
5a7553a95542996c70cfaedf,bridge,0.0,0.0,0.0,1.0,0.0,0.0,0.0,0.0,0.05263157894736842,0.0,0.0
5a8f23555542997ba9cb31e3,bridge,1.0,1.0,1.0,1.0,1.0,1.0,1.0,0.2,1.0,1.0,1.0
5a7b1d3b5542992d025e677a,bridge,0.5,0.5,0.5,0.5,0.0,0.0,0.5,0.1,0.5,0.0,0.0
5ab2f88755429976abd1bbe0,comparison,1.0,1.0,1.0,1.0,1.0,1.0,1.0,0.2,1.0,1.0,
5a7a01b15542996c55b2dcd1,comparison,1.0,1.0,1.0,1.0,1.0,1.0,1.0,0.2,1.0,1.0,
5a7fb7985542994857a767d2,bridge,0.0,0.0,0.0,1.0,0.0,0.0,0.0,0.0,0.08333333333333333,0.0,0.0
5adfc35755429906c02daa30,bridge,0.5,0.5,0.5,1.0,0.0,0.0,0.5,0.1,1.0,0.0,0.0
5ab93262554299131ca422b6,bridge,0.5,1.0,1.0,1.0,0.0,1.0,0.5,0.2,1.0,1.0,0.0
5a7b1023554299042af8f6c2,comparison,0.5,1.0,1.0,1.0,0.0,1.0,0.5,0.2,0.5,1.0,
5ae524415542992663a4f121,bridge,0.5,0.5,0.5,0.5,0.0,0.0,0.5,0.1,1.0,0.0,0.0
5a86f204554299211dda2b60,bridge,0.0,0.0,0.0,0.0,0.0,0.0,0.0,0.0,0.0,0.0,0.0
5ac213805542992f1f2b37e7,bridge,0.5,0.5,0.5,0.5,0.0,0.0,0.5,0.1,1.0,0.0,0.0
5abba3cd554299642a094aee,bridge,0.5,0.5,1.0,1.0,0.0,1.0,0.5,0.2,1.0,1.0,1.0
5a77724455429972597f153e,bridge,0.0,0.0,0.0,0.5,0.0,0.0,0.0,0.0,0.05,0.0,0.0
5a7bacf35542997c3ec9724b,comparison,1.0,1.0,1.0,1.0,1.0,1.0,1.0,0.2,1.0,1.0,
5ac23f5655429951e9e684d9,comparison,0.5,1.0,1.0,1.0,0.0,1.0,0.5,0.2,1.0,1.0,
5ab85e9e55429934fafe6d8b,bridge,1.0,1.0,1.0,1.0,1.0,1.0,1.0,0.2,1.0,1.0,1.0
5abb207d5542992ccd8e7f1d,bridge,0.5,1.0,1.0,1.0,0.0,1.0,0.5,0.2,1.0,1.0,0.0
5adf400a5542993a75d2644e,bridge,0.0,0.0,0.0,1.0,0.0,0.0,0.0,0.0,0.08333333333333333,0.0,0.0
5ae618325542996de7b71b56,bridge,0.5,1.0,1.0,1.0,0.0,1.0,0.5,0.2,1.0,1.0,0.0
5ab870ee5542990e739ec8f6,bridge,0.5,1.0,1.0,1.0,0.0,1.0,0.5,0.2,1.0,1.0,1.0
5a7f0be055429930675135fe,bridge,1.0,1.0,1.0,1.0,1.0,1.0,1.0,0.2,1.0,1.0,1.0
5ae33f9a5542990afbd1e0f1,bridge,1.0,1.0,1.0,1.0,1.0,1.0,1.0,0.2,1.0,1.0,1.0
5ab56555554299494045ef97,bridge,0.0,0.0,0.0,1.0,0.0,0.0,0.0,0.0,0.09090909090909091,0.0,0.0
5ae5cf1b554299546bf82f7a,bridge,0.5,0.5,0.5,0.5,0.0,0.0,0.5,0.1,1.0,0.0,0.0
5ab8284d5542990e739ec83f,bridge,1.0,1.0,1.0,1.0,1.0,1.0,1.0,0.2,1.0,1.0,1.0
5aba72d75542994dbf019912,comparison,0.5,0.5,1.0,1.0,0.0,1.0,0.5,0.2,0.5,1.0,
5a72830e5542994cef4bc2f9,bridge,0.5,0.5,0.5,1.0,0.0,0.0,0.5,0.1,0.5,1.0,1.0
5adf490a5542993a75d26488,bridge,0.5,1.0,1.0,1.0,0.0,1.0,0.5,0.2,1.0,1.0,1.0
5a7fa2ad5542994857a76792,bridge,0.0,0.0,0.0,0.5,0.0,0.0,0.0,0.0,0.08333333333333333,0.0,0.0
5abccb235542996583600497,bridge,0.0,0.0,0.5,0.5,0.0,0.0,0.0,0.1,0.1111111111111111,0.0,0.0
5a84bda45542992a431d1a96,bridge,0.0,0.0,0.0,0.5,0.0,0.0,0.0,0.0,0.05,0.0,0.0
5ae199305542997b2ef7d20e,bridge,1.0,1.0,1.0,1.0,1.0,1.0,1.0,0.2,1.0,1.0,1.0
5ab6006a554299110f2199b5,bridge,0.5,1.0,1.0,1.0,0.0,1.0,0.5,0.2,1.0,1.0,1.0
5a8c493e554299653c1aa020,bridge,0.0,0.0,0.0,0.5,0.0,0.0,0.0,0.0,0.06666666666666667,0.0,0.0
5a730a6b5542992359bc3210,comparison,1.0,1.0,1.0,1.0,1.0,1.0,1.0,0.2,1.0,1.0,
5a79258a55429974737f79a8,bridge,0.5,0.5,1.0,1.0,0.0,1.0,0.5,0.2,0.5,1.0,1.0
5a7a2be25542996a35c17118,comparison,0.5,0.5,0.5,0.5,0.0,0.0,0.5,0.1,0.5,0.0,
5ae489ab5542995ad6573d62,bridge,1.0,1.0,1.0,1.0,1.0,1.0,1.0,0.2,1.0,1.0,1.0
5ae736cb5542991bbc9761c2,bridge,0.0,0.0,0.0,0.5,0.0,0.0,0.0,0.0,0.07142857142857142,0.0,0.0
5a7732dc55429972597f149b,bridge,0.0,0.0,0.0,1.0,0.0,0.0,0.0,0.0,0.07142857142857142,0.0,0.0
5ae1443855429920d5234362,bridge,0.5,1.0,1.0,1.0,0.0,1.0,0.5,0.2,1.0,1.0,1.0
5a82e25555429954d2e2ebbf,bridge,0.0,0.0,0.0,0.5,0.0,0.0,0.0,0.0,0.09090909090909091,0.0,0.0
5a8725a15542996432c57230,bridge,0.5,1.0,1.0,1.0,0.0,1.0,0.5,0.2,1.0,1.0,1.0
5a8d18fb5542994ba4e3dbf2,bridge,0.0,0.0,0.0,1.0,0.0,0.0,0.0,0.0,0.08333333333333333,0.0,0.0
5ab8372255429919ba4e226b,bridge,0.0,0.0,0.0,1.0,0.0,0.0,0.0,0.0,0.07142857142857142,0.0,0.0
5addfe1c5542995b365fabaf,comparison,1.0,1.0,1.0,1.0,1.0,1.0,1.0,0.2,1.0,1.0,
5a8bbfb15542995e66a474f6,comparison,1.0,1.0,1.0,1.0,1.0,1.0,1.0,0.2,1.0,1.0,
5abfa18f5542990832d3a176,bridge,1.0,1.0,1.0,1.0,1.0,1.0,1.0,0.2,1.0,1.0,1.0
5ae414d855429970de88d8ec,bridge,1.0,1.0,1.0,1.0,1.0,1.0,1.0,0.2,1.0,1.0,1.0
5a774a9855429972597f14ea,bridge,1.0,1.0,1.0,1.0,1.0,1.0,1.0,0.2,1.0,1.0,1.0
5a71299e5542994082a3e5fe,bridge,0.5,1.0,1.0,1.0,0.0,1.0,0.5,0.2,1.0,1.0,0.0
5a8ed87955429917b4a5bdd2,bridge,0.0,0.0,0.0,1.0,0.0,0.0,0.0,0.0,0.07142857142857142,0.0,0.0
5ae305df5542992decbdcdc3,bridge,0.5,0.5,0.5,1.0,0.0,0.0,0.5,0.1,1.0,0.0,0.0
5a7f5ab65542995d8a8dde43,bridge,0.5,0.5,1.0,1.0,0.0,1.0,0.5,0.2,1.0,1.0,0.0
5ae1dac85542997283cd229a,bridge,0.0,0.0,0.0,0.5,0.0,0.0,0.0,0.0,0.09090909090909091,0.0,0.0
5ae53fcb55429960a22e029e,bridge,0.5,1.0,1.0,1.0,0.0,1.0,0.5,0.2,0.5,1.0,1.0
5abbdd565542993f40c73bfb,bridge,1.0,1.0,1.0,1.0,1.0,1.0,1.0,0.2,1.0,1.0,0.0
5adcf83855429947343537e1,bridge,0.5,0.5,0.5,1.0,0.0,0.0,0.5,0.1,1.0,0.0,0.0
5abc0ac455429959677d6a01,bridge,0.5,0.5,1.0,1.0,0.0,1.0,0.5,0.2,1.0,1.0,0.0
5ab8420555429919ba4e2290,bridge,0.5,1.0,1.0,1.0,0.0,1.0,0.5,0.2,1.0,1.0,0.0
5a901e5c55429933b8a2047c,bridge,1.0,1.0,1.0,1.0,1.0,1.0,1.0,0.2,1.0,1.0,1.0
5ae7f0c75542994a481bbe44,bridge,1.0,1.0,1.0,1.0,1.0,1.0,1.0,0.2,1.0,1.0,1.0
5ae2c509554299492dc91c68,bridge,0.0,0.0,1.0,1.0,0.0,1.0,0.0,0.2,0.14285714285714285,1.0,0.0
5a89e85c5542992e4fca846f,bridge,1.0,1.0,1.0,1.0,1.0,1.0,1.0,0.2,1.0,1.0,1.0
5a8c758d5542995e66a475ff,bridge,1.0,1.0,1.0,1.0,1.0,1.0,1.0,0.2,1.0,1.0,1.0
5a8135eb55429938b61422fa,bridge,1.0,1.0,1.0,1.0,1.0,1.0,1.0,0.2,1.0,1.0,1.0
5ae1f70c5542997f29b3c1c5,bridge,1.0,1.0,1.0,1.0,1.0,1.0,1.0,0.2,1.0,1.0,1.0
5ab7867c5542992aa3b8c822,bridge,0.5,1.0,1.0,1.0,0.0,1.0,0.5,0.2,1.0,1.0,0.0
5ae3d6bd5542991a06ce9a2b,bridge,0.5,0.5,0.5,1.0,0.0,0.0,0.5,0.1,1.0,1.0,0.0
5ac299b155429967731025ad,bridge,0.5,1.0,1.0,1.0,0.0,1.0,0.5,0.2,1.0,1.0,0.0
5ae0a5825542993d6555ebdf,comparison,0.5,0.5,0.5,1.0,0.0,0.0,0.5,0.1,1.0,0.0,
5a72a0be5542992359bc3143,bridge,1.0,1.0,1.0,1.0,1.0,1.0,1.0,0.2,1.0,1.0,1.0
5a804032554299485f5985a0,comparison,0.5,1.0,1.0,1.0,0.0,1.0,0.5,0.2,0.5,1.0,
5a9087ac5542990a98493668,bridge,1.0,1.0,1.0,1.0,1.0,1.0,1.0,0.2,1.0,1.0,1.0
5a88981c554299206df2b307,bridge,0.5,0.5,0.5,1.0,0.0,0.0,0.5,0.1,1.0,0.0,0.0
5a8b91d25542995d1e6f13fc,comparison,1.0,1.0,1.0,1.0,1.0,1.0,1.0,0.2,1.0,1.0,
5ae2ad6b5542996483e64a3d,bridge,0.5,1.0,1.0,1.0,0.0,1.0,0.5,0.2,0.5,1.0,1.0
5a78d35e55429974737f78c3,comparison,0.5,1.0,1.0,1.0,0.0,1.0,0.5,0.2,0.5,1.0,
5abec2ca5542997719eab5b9,comparison,1.0,1.0,1.0,1.0,1.0,1.0,1.0,0.2,1.0,1.0,
5a721b9055429971e9dc9277,bridge,1.0,1.0,1.0,1.0,1.0,1.0,1.0,0.2,1.0,1.0,1.0
5a8f155e554299458435d54c,bridge,1.0,1.0,1.0,1.0,1.0,1.0,1.0,0.2,1.0,1.0,1.0
5ac547525542993e66e822a3,bridge,0.0,0.0,0.0,0.5,0.0,0.0,0.0,0.0,0.08333333333333333,0.0,0.0
5a7fb5ce5542994857a767ca,bridge,0.5,1.0,1.0,1.0,0.0,1.0,0.5,0.2,1.0,1.0,0.0
5ab935c755429934fafe6e74,bridge,0.0,0.0,0.5,1.0,0.0,0.0,0.0,0.1,0.125,0.0,0.0
5abdf8c45542993f32c2a072,bridge,1.0,1.0,1.0,1.0,1.0,1.0,1.0,0.2,1.0,1.0,1.0
5a8d0c74554299585d9e37a1,bridge,1.0,1.0,1.0,1.0,1.0,1.0,1.0,0.2,1.0,1.0,1.0
5ab3bd7d55429969a97a819f,bridge,0.0,1.0,1.0,1.0,0.0,1.0,0.0,0.2,0.25,1.0,0.0
5a7f5f655542994857a7670b,bridge,0.5,0.5,1.0,1.0,0.0,1.0,0.5,0.2,1.0,1.0,0.0
5ab92f52554299131ca422a9,bridge,1.0,1.0,1.0,1.0,1.0,1.0,1.0,0.2,1.0,1.0,1.0
5ade8b2655429975fa854eff,bridge,0.5,1.0,1.0,1.0,0.0,1.0,0.5,0.2,1.0,1.0,1.0
5a7a2ec35542990783324eae,bridge,1.0,1.0,1.0,1.0,1.0,1.0,1.0,0.2,1.0,1.0,1.0
5a7796e05542992a6e59df0f,bridge,0.5,1.0,1.0,1.0,0.0,1.0,0.5,0.2,1.0,1.0,0.0
5a7647b85542992d0ec0608a,bridge,0.5,0.5,0.5,1.0,0.0,0.0,0.5,0.1,1.0,0.0,0.0
5adce88b5542992c1e3a249a,bridge,0.5,0.5,0.5,0.5,0.0,0.0,0.5,0.1,1.0,0.0,0.0
5ab430fa5542991751b4d6dd,bridge,0.5,1.0,1.0,1.0,0.0,1.0,0.5,0.2,1.0,1.0,1.0
5a8a203c55429970aeb7026d,comparison,1.0,1.0,1.0,1.0,1.0,1.0,1.0,0.2,1.0,1.0,
5a7d7deb5542995f4f402282,bridge,0.5,1.0,1.0,1.0,0.0,1.0,0.5,0.2,1.0,1.0,1.0
5ae80d25554299540e5a5709,bridge,0.5,0.5,1.0,1.0,0.0,1.0,0.5,0.2,1.0,1.0,1.0
5a770bb855429937353601b5,bridge,0.0,0.0,0.0,0.5,0.0,0.0,0.0,0.0,0.07692307692307693,0.0,0.0
5a8b036d55429971feec45fe,comparison,1.0,1.0,1.0,1.0,1.0,1.0,1.0,0.2,1.0,1.0,
5abbb116554299642a094b1d,comparison,0.5,1.0,1.0,1.0,0.0,1.0,0.5,0.2,0.5,1.0,
5a712e895542994082a3e636,bridge,1.0,1.0,1.0,1.0,1.0,1.0,1.0,0.2,1.0,1.0,1.0
5ae4f8b755429960a22e0230,bridge,0.5,1.0,1.0,1.0,0.0,1.0,0.5,0.2,1.0,1.0,0.0
5a8adbf55542992d82986fab,bridge,0.5,1.0,1.0,1.0,0.0,1.0,0.5,0.2,1.0,1.0,0.0
5abc3f725542993a06baf8b3,bridge,1.0,1.0,1.0,1.0,1.0,1.0,1.0,0.2,1.0,1.0,0.0
5a8a43eb5542996c9b8d5e82,bridge,0.5,1.0,1.0,1.0,0.0,1.0,0.5,0.2,0.5,1.0,0.0
5ac24cc45542996366519963,comparison,1.0,1.0,1.0,1.0,1.0,1.0,1.0,0.2,1.0,1.0,
5abaf3195542996cc5e49f2c,bridge,0.0,0.0,0.0,0.5,0.0,0.0,0.0,0.0,0.07142857142857142,0.0,0.0
5adc6ded55429947ff17395d,bridge,1.0,1.0,1.0,1.0,1.0,1.0,1.0,0.2,1.0,1.0,1.0
5abea85f5542990832d3a070,bridge,1.0,1.0,1.0,1.0,1.0,1.0,1.0,0.2,1.0,1.0,1.0
5ae3287f5542991a06ce993b,bridge,1.0,1.0,1.0,1.0,1.0,1.0,1.0,0.2,1.0,1.0,1.0
5a7fa48c5542994857a7679a,bridge,1.0,1.0,1.0,1.0,1.0,1.0,1.0,0.2,1.0,1.0,1.0
5ab43b9d5542990594ba9bc3,bridge,0.0,0.0,0.0,0.5,0.0,0.0,0.0,0.0,0.09090909090909091,0.0,0.0
5a77c3d55542995d831812af,bridge,0.0,0.5,0.5,1.0,0.0,0.0,0.0,0.1,0.2,0.0,0.0
5ac05fb55542997d64295a0b,bridge,1.0,1.0,1.0,1.0,1.0,1.0,1.0,0.2,1.0,1.0,1.0
5a7c4e655542990527d55489,bridge,1.0,1.0,1.0,1.0,1.0,1.0,1.0,0.2,1.0,1.0,1.0
5a81a4335542990a1d231e38,bridge,0.5,0.5,0.5,0.5,0.0,0.0,0.5,0.1,1.0,0.0,0.0
5a8ba67755429971feec4748,bridge,1.0,1.0,1.0,1.0,1.0,1.0,1.0,0.2,1.0,1.0,1.0
5ab5dcb95542992aa134a3b3,comparison,1.0,1.0,1.0,1.0,1.0,1.0,1.0,0.2,1.0,1.0,
5a8f06075542995b44241f2d,bridge,1.0,1.0,1.0,1.0,1.0,1.0,1.0,0.2,1.0,1.0,0.0
5a8335d95542993344745ff1,comparison,0.5,1.0,1.0,1.0,0.0,1.0,0.5,0.2,0.5,1.0,
5a73d4385542992d56e7e3b1,bridge,1.0,1.0,1.0,1.0,1.0,1.0,1.0,0.2,1.0,1.0,1.0
5ab6bb575542995eadef0088,bridge,1.0,1.0,1.0,1.0,1.0,1.0,1.0,0.2,1.0,1.0,1.0
5adf734b5542995ec70e9016,bridge,0.5,1.0,1.0,1.0,0.0,1.0,0.5,0.2,1.0,1.0,0.0
5a9042825542990a984935d6,bridge,0.0,0.0,0.0,1.0,0.0,0.0,0.0,0.0,0.09090909090909091,0.0,0.0
5ae7a9765542994a481bbdbc,bridge,0.5,0.5,1.0,1.0,0.0,1.0,0.5,0.2,1.0,1.0,0.0
5a8b7ca65542997f31a41d49,bridge,0.0,0.5,1.0,1.0,0.0,1.0,0.0,0.2,0.3333333333333333,1.0,0.0
5ae3f6775542991a06ce9a3f,bridge,0.5,0.5,1.0,1.0,0.0,1.0,0.5,0.2,1.0,1.0,0.0
5ae2120c5542997283cd23ac,bridge,1.0,1.0,1.0,1.0,1.0,1.0,1.0,0.2,1.0,1.0,1.0
5a7587705542992db9473674,bridge,0.0,0.5,0.5,1.0,0.0,0.0,0.0,0.1,0.2,0.0,0.0
5a80ac53554299485f5986a0,bridge,1.0,1.0,1.0,1.0,1.0,1.0,1.0,0.2,1.0,1.0,0.0
5ae32eca5542994393b9e640,bridge,0.5,1.0,1.0,1.0,0.0,1.0,0.5,0.2,1.0,1.0,0.0
5a774e415542994aec3b7280,bridge,0.5,0.5,0.5,1.0,0.0,0.0,0.5,0.1,0.5,1.0,0.0
5ab7fd6b5542990e739ec7b5,bridge,0.0,0.0,0.0,0.0,0.0,0.0,0.0,0.0,0.0,0.0,0.0
5a7353795542991f29ee2d82,comparison,1.0,1.0,1.0,1.0,1.0,1.0,1.0,0.2,1.0,1.0,
5ae1f079554299234fd04343,bridge,0.5,1.0,1.0,1.0,0.0,1.0,0.5,0.2,1.0,1.0,1.0
5abaf6865542996cc5e49f3c,bridge,1.0,1.0,1.0,1.0,1.0,1.0,1.0,0.2,1.0,1.0,1.0
5a821c95554299676cceb219,bridge,0.5,0.5,0.5,0.5,0.0,0.0,0.5,0.1,0.5,0.0,0.0
5adf85e05542993344016cba,bridge,0.0,0.0,0.5,1.0,0.0,0.0,0.0,0.1,0.1111111111111111,0.0,0.0
5ae13b085542997b2ef7d146,bridge,1.0,1.0,1.0,1.0,1.0,1.0,1.0,0.2,1.0,1.0,1.0
5a7ad9865542995eb53be8aa,bridge,0.5,0.5,1.0,1.0,0.0,1.0,0.5,0.2,1.0,1.0,0.0
5a84e0a45542991dd0999e11,bridge,1.0,1.0,1.0,1.0,1.0,1.0,1.0,0.2,1.0,1.0,0.0
5ae347fb5542992e3233c368,bridge,0.0,0.0,0.0,0.0,0.0,0.0,0.0,0.0,0.0,0.0,0.0
5a83c3275542996488c2e4be,bridge,0.5,1.0,1.0,1.0,0.0,1.0,0.5,0.2,1.0,1.0,1.0
5a85b2d95542997b5ce40028,bridge,0.5,0.5,0.5,1.0,0.0,0.0,0.5,0.1,1.0,1.0,0.0
5ab8634e5542990e739ec8de,bridge,1.0,1.0,1.0,1.0,1.0,1.0,1.0,0.2,1.0,1.0,1.0
5abbeb7d554299114383a09b,bridge,0.5,1.0,1.0,1.0,0.0,1.0,0.5,0.2,1.0,1.0,1.0
5a77919d5542995d831811dd,comparison,1.0,1.0,1.0,1.0,1.0,1.0,1.0,0.2,1.0,1.0,
5a7cf4e355429907fabef062,bridge,1.0,1.0,1.0,1.0,1.0,1.0,1.0,0.2,1.0,1.0,1.0
5a77b13655429967ab105235,bridge,0.5,0.5,0.5,1.0,0.0,0.0,0.5,0.1,1.0,0.0,0.0
5ae786c8554299540e5a55d7,bridge,0.5,1.0,1.0,1.0,0.0,1.0,0.5,0.2,1.0,1.0,1.0
5adf37955542993a75d2642e,bridge,0.0,0.5,0.5,0.5,0.0,0.0,0.0,0.1,0.2,0.0,0.0
5a8f64e0554299458435d60b,comparison,0.5,1.0,1.0,1.0,0.0,1.0,0.5,0.2,0.5,1.0,
5ae8161555429952e35eaa04,bridge,1.0,1.0,1.0,1.0,1.0,1.0,1.0,0.2,1.0,1.0,1.0
5a8f24cc55429924144829e7,bridge,0.5,0.5,0.5,1.0,0.0,0.0,0.5,0.1,1.0,0.0,0.0
5abffc0d5542990832d3a1e2,bridge,1.0,1.0,1.0,1.0,1.0,1.0,1.0,0.2,1.0,1.0,1.0
5adf92f15542995534e8c7f3,bridge,0.0,0.0,0.5,1.0,0.0,0.0,0.0,0.1,0.125,0.0,0.0
5ac23f5255429951e9e684d8,bridge,0.5,0.5,0.5,1.0,0.0,0.0,0.5,0.1,1.0,0.0,0.0
5a7e1cd955429965cec5ea76,bridge,0.5,1.0,1.0,1.0,0.0,1.0,0.5,0.2,0.5,1.0,1.0
5a72125055429971e9dc9241,bridge,0.5,0.5,0.5,1.0,0.0,0.0,0.5,0.1,1.0,0.0,0.0
5a711cb45542994082a3e59f,comparison,1.0,1.0,1.0,1.0,1.0,1.0,1.0,0.2,1.0,1.0,
5ab299d6554299449642c926,comparison,0.5,0.5,0.5,1.0,0.0,0.0,0.5,0.1,0.5,0.0,
5ac3295d5542995ef918c14d,bridge,1.0,1.0,1.0,1.0,1.0,1.0,1.0,0.2,1.0,1.0,1.0
5ac1b3a75542994ab5c67dd2,bridge,1.0,1.0,1.0,1.0,1.0,1.0,1.0,0.2,1.0,1.0,1.0
5ac282875542996773102546,comparison,0.5,1.0,1.0,1.0,0.0,1.0,0.5,0.2,0.5,1.0,
5adea83b55429975fa854f53,bridge,1.0,1.0,1.0,1.0,1.0,1.0,1.0,0.2,1.0,1.0,1.0
5a7caae75542996dd594b971,bridge,0.0,0.0,0.0,0.5,0.0,0.0,0.0,0.0,0.0625,0.0,0.0
5ae4c49a5542995dadf24400,bridge,0.5,0.5,0.5,1.0,0.0,0.0,0.5,0.1,1.0,0.0,0.0
5a8bb90f5542996e8ac88a02,bridge,0.0,0.0,0.0,0.0,0.0,0.0,0.0,0.0,0.0,0.0,0.0
5ac3d68f554299076e296ca6,bridge,0.5,0.5,0.5,0.5,0.0,0.0,0.5,0.1,1.0,0.0,0.0
5abdc74755429965af743e36,bridge,1.0,1.0,1.0,1.0,1.0,1.0,1.0,0.2,1.0,1.0,1.0
5a7a11c85542996a35c170b4,bridge,0.5,0.5,0.5,0.5,0.0,0.0,0.5,0.1,1.0,0.0,1.0
5a7622d75542994ccc9186f1,comparison,0.5,1.0,1.0,1.0,0.0,1.0,0.5,0.2,0.5,1.0,
5a74adb455429916b01641c6,comparison,0.0,0.5,0.5,0.5,0.0,0.0,0.0,0.1,0.3333333333333333,0.0,
5a813b6f55429903bc27b951,bridge,1.0,1.0,1.0,1.0,1.0,1.0,1.0,0.2,1.0,1.0,0.0
5ae7b271554299540e5a564d,bridge,0.0,0.0,0.5,1.0,0.0,0.0,0.0,0.1,0.125,0.0,0.0
5a90b6985542990a984936c2,bridge,0.5,1.0,1.0,1.0,0.0,1.0,0.5,0.2,1.0,1.0,1.0
5ab88c075542991b5579efbe,bridge,0.5,1.0,1.0,1.0,0.0,1.0,0.5,0.2,0.5,1.0,0.0
5ae6c7b35542992ae0d1639c,bridge,1.0,1.0,1.0,1.0,1.0,1.0,1.0,0.2,1.0,1.0,1.0
5ae707a25542991bbc9761a7,bridge,1.0,1.0,1.0,1.0,1.0,1.0,1.0,0.2,1.0,1.0,1.0
5a803d695542996402f6a494,comparison,0.5,0.5,0.5,1.0,0.0,0.0,0.5,0.1,1.0,1.0,
5a7f451a55429969796c19ec,bridge,0.0,0.0,0.0,0.5,0.0,0.0,0.0,0.0,0.05555555555555555,0.0,0.0
5a7c290c5542990527d55468,bridge,0.5,0.5,0.5,1.0,0.0,0.0,0.5,0.1,1.0,0.0,0.0
5a8ec3205542995a26add506,comparison,0.0,0.5,0.5,1.0,0.0,0.0,0.0,0.1,0.25,0.0,
5a7faed65542994857a767b6,bridge,1.0,1.0,1.0,1.0,1.0,1.0,1.0,0.2,1.0,1.0,0.0
5a77510b5542994aec3b728b,bridge,0.5,0.5,0.5,0.5,0.0,0.0,0.5,0.1,1.0,0.0,0.0
5ae0de1455429924de1b71b4,bridge,1.0,1.0,1.0,1.0,1.0,1.0,1.0,0.2,1.0,1.0,0.0
5ab92e02554299753720f775,bridge,1.0,1.0,1.0,1.0,1.0,1.0,1.0,0.2,1.0,1.0,1.0
5a8f0de35542995b44241f40,comparison,1.0,1.0,1.0,1.0,1.0,1.0,1.0,0.2,1.0,1.0,
5ab7cc145542995dae37e9a1,comparison,0.0,0.0,1.0,1.0,0.0,1.0,0.0,0.2,0.1111111111111111,1.0,
5a87defa5542993e715abfec,bridge,1.0,1.0,1.0,1.0,1.0,1.0,1.0,0.2,1.0,1.0,1.0
5a80707e5542992bc0c4a70e,bridge,0.0,0.0,0.5,1.0,0.0,0.0,0.0,0.1,0.14285714285714285,0.0,0.0
5ae31ca155429928c4239608,bridge,1.0,1.0,1.0,1.0,1.0,1.0,1.0,0.2,1.0,1.0,1.0
5a7e08305542995f4f4023ab,comparison,1.0,1.0,1.0,1.0,1.0,1.0,1.0,0.2,1.0,1.0,
5a8e3ea95542995a26add48d,bridge,1.0,1.0,1.0,1.0,1.0,1.0,1.0,0.2,1.0,1.0,1.0
5add564a5542990dbb2f7e38,bridge,0.5,0.5,0.5,0.5,0.0,0.0,0.5,0.1,1.0,0.0,0.0
5ac02835554299294b218f2e,bridge,1.0,1.0,1.0,1.0,1.0,1.0,1.0,0.2,1.0,1.0,1.0
5a78d16455429974737f78bb,comparison,0.5,0.5,0.5,1.0,0.0,0.0,0.5,0.1,1.0,1.0,
5a807e6f5542995d8a8ddf80,bridge,0.5,0.5,0.5,0.5,0.0,0.0,0.5,0.1,1.0,0.0,0.0
5a714b645542994082a3e78b,bridge,0.5,1.0,1.0,1.0,0.0,1.0,0.5,0.2,1.0,1.0,0.0
5ae601e45542992663a4f23b,bridge,0.0,1.0,1.0,1.0,0.0,1.0,0.0,0.2,0.3333333333333333,1.0,0.0
5abd573c55429924427fcfb7,bridge,0.5,1.0,1.0,1.0,0.0,1.0,0.5,0.2,1.0,1.0,1.0
5ac3dfee554299204fd21eab,bridge,0.5,1.0,1.0,1.0,0.0,1.0,0.5,0.2,1.0,1.0,1.0
5ae73acb5542991e8301cc07,bridge,1.0,1.0,1.0,1.0,1.0,1.0,1.0,0.2,1.0,1.0,1.0
5ab82bbb5542990e739ec84c,comparison,1.0,1.0,1.0,1.0,1.0,1.0,1.0,0.2,1.0,1.0,
5add5f395542990dbb2f7e50,bridge,0.0,0.0,0.0,0.5,0.0,0.0,0.0,0.0,0.09090909090909091,0.0,0.0
5a7fb17c5542994857a767bb,bridge,0.5,0.5,1.0,1.0,0.0,1.0,0.5,0.2,1.0,1.0,1.0
5abbc58455429931dba14502,bridge,0.5,0.5,0.5,0.5,0.0,0.0,0.5,0.1,0.5,0.0,0.0
5a74655b55429974ef308bf0,bridge,0.0,0.0,0.5,0.5,0.0,0.0,0.0,0.1,0.1111111111111111,0.0,0.0
5a83041355429966c78a6ae8,comparison,1.0,1.0,1.0,1.0,1.0,1.0,1.0,0.2,1.0,1.0,
5a8a5a1955429930ff3c0da7,bridge,1.0,1.0,1.0,1.0,1.0,1.0,1.0,0.2,1.0,1.0,1.0
5abccf6755429965836004ab,bridge,0.5,0.5,1.0,1.0,0.0,1.0,0.5,0.2,1.0,1.0,0.0
5abc00ff5542993f40c73c41,bridge,0.5,0.5,0.5,0.5,0.0,0.0,0.5,0.1,1.0,0.0,0.0
5a8b3fe85542995d1e6f1323,bridge,0.5,0.5,0.5,0.5,0.0,0.0,0.5,0.1,1.0,0.0,0.0
5a7cf29255429909bec768b8,bridge,0.5,1.0,1.0,1.0,0.0,1.0,0.5,0.2,1.0,1.0,1.0
5abce9ca554299114383a193,bridge,1.0,1.0,1.0,1.0,1.0,1.0,1.0,0.2,1.0,1.0,1.0
5a7bb7f2554299042af8f7b6,bridge,0.5,1.0,1.0,1.0,0.0,1.0,0.5,0.2,1.0,1.0,0.0
5ae1305b55429901ffe4add6,bridge,1.0,1.0,1.0,1.0,1.0,1.0,1.0,0.2,1.0,1.0,1.0
5a716f575542994082a3e82f,comparison,0.5,1.0,1.0,1.0,0.0,1.0,0.5,0.2,0.5,1.0,
5a8809d755429938390d3ed6,bridge,1.0,1.0,1.0,1.0,1.0,1.0,1.0,0.2,1.0,1.0,1.0
5ae269955542992decbdccf3,bridge,0.0,0.0,0.0,0.5,0.0,0.0,0.0,0.0,0.06666666666666667,0.0,0.0
5ae1ebf95542997283cd22f2,bridge,1.0,1.0,1.0,1.0,1.0,1.0,1.0,0.2,1.0,1.0,1.0
5ae3f2395542995ad6573cc6,comparison,0.5,1.0,1.0,1.0,0.0,1.0,0.5,0.2,0.5,1.0,
5a8b768655429949d91db5a9,bridge,0.5,0.5,0.5,1.0,0.0,0.0,0.5,0.1,1.0,0.0,0.0
5ac1c4e85542994ab5c67e0c,bridge,0.5,1.0,1.0,1.0,0.0,1.0,0.5,0.2,1.0,1.0,0.0
5a8888e35542997e5c09a5f6,bridge,0.5,0.5,0.5,1.0,0.0,0.0,0.5,0.1,0.5,1.0,1.0
5ae701b2554299572ea54680,bridge,1.0,1.0,1.0,1.0,1.0,1.0,1.0,0.2,1.0,1.0,1.0
5ab8750255429934fafe6dd1,bridge,0.5,1.0,1.0,1.0,0.0,1.0,0.5,0.2,1.0,1.0,0.0
5add15d15542994ed6169c70,bridge,0.5,0.5,0.5,1.0,0.0,0.0,0.5,0.1,1.0,0.0,0.0
5ab677e2554299110f219a13,bridge,0.5,0.5,1.0,1.0,0.0,1.0,0.5,0.2,1.0,1.0,0.0
5ae63e3255429929b0807aff,bridge,0.5,0.5,0.5,1.0,0.0,0.0,0.5,0.1,1.0,1.0,0.0
5ae3b30f5542994393b9e74f,bridge,1.0,1.0,1.0,1.0,1.0,1.0,1.0,0.2,1.0,1.0,1.0
5a883afc5542994846c1ce48,bridge,0.0,0.0,1.0,1.0,0.0,1.0,0.0,0.2,0.16666666666666666,1.0,1.0
5ae17f1e5542990adbacf7a6,bridge,0.0,0.0,0.0,0.0,0.0,0.0,0.0,0.0,0.0,0.0,0.0
5a85fe2f5542996432c57165,bridge,0.5,1.0,1.0,1.0,0.0,1.0,0.5,0.2,1.0,1.0,1.0
5a7e08b55542997cc2c474fe,bridge,0.0,0.0,0.0,0.5,0.0,0.0,0.0,0.0,0.07142857142857142,0.0,0.0
5ae35b6b5542990afbd1e116,bridge,0.0,0.0,0.0,1.0,0.0,0.0,0.0,0.0,0.09090909090909091,0.0,0.0
5a8e4d9855429917b4a5bd8d,bridge,0.5,1.0,1.0,1.0,0.0,1.0,0.5,0.2,1.0,1.0,1.0
5adfd22255429906c02daa4f,bridge,0.5,1.0,1.0,1.0,0.0,1.0,0.5,0.2,0.5,1.0,1.0
5a898872554299669944a540,bridge,0.0,1.0,1.0,1.0,0.0,1.0,0.0,0.2,0.3333333333333333,1.0,0.0
5ae5f1a8554299546bf82fd9,bridge,0.5,1.0,1.0,1.0,0.0,1.0,0.5,0.2,0.5,1.0,0.0
5ae056c755429945ae959319,bridge,0.5,1.0,1.0,1.0,0.0,1.0,0.5,0.2,1.0,1.0,0.0
5a88c4175542997e5c09a6ae,bridge,0.5,0.5,0.5,0.5,0.0,0.0,0.5,0.1,1.0,0.0,0.0
5addb1515542995b365fab60,bridge,1.0,1.0,1.0,1.0,1.0,1.0,1.0,0.2,1.0,1.0,1.0
5adf74075542992d7e9f937c,bridge,1.0,1.0,1.0,1.0,1.0,1.0,1.0,0.2,1.0,1.0,1.0
5a7f275d55429934daa2fd01,comparison,1.0,1.0,1.0,1.0,1.0,1.0,1.0,0.2,1.0,1.0,
5ae0006755429925eb1afbd3,bridge,1.0,1.0,1.0,1.0,1.0,1.0,1.0,0.2,1.0,1.0,1.0
5ab4e48655429942dd415f9c,bridge,1.0,1.0,1.0,1.0,1.0,1.0,1.0,0.2,1.0,1.0,1.0
5ae4932855429970de88d9b8,bridge,0.5,1.0,1.0,1.0,0.0,1.0,0.5,0.2,1.0,1.0,1.0
5ab9d2e255429955dce3ed90,bridge,0.5,0.5,1.0,1.0,0.0,1.0,0.5,0.2,1.0,1.0,1.0
5ae0613d5542993d6555eb22,bridge,0.5,1.0,1.0,1.0,0.0,1.0,0.5,0.2,1.0,1.0,1.0
5a8cb288554299585d9e3726,bridge,0.0,0.0,0.0,0.5,0.0,0.0,0.0,0.0,0.05555555555555555,0.0,0.0
5ae3c71f5542991a06ce9a22,bridge,0.5,1.0,1.0,1.0,0.0,1.0,0.5,0.2,1.0,1.0,0.0
5a79257b55429974737f79a7,bridge,0.0,0.5,1.0,1.0,0.0,1.0,0.0,0.2,0.25,1.0,0.0
5a88f0d455429946c8d6e8dc,bridge,0.5,1.0,1.0,1.0,0.0,1.0,0.5,0.2,1.0,1.0,1.0
5ae3c1515542992f92d8236a,comparison,0.5,0.5,1.0,1.0,0.0,1.0,0.5,0.2,0.5,1.0,
5ac0e6fa5542996f0d89cc35,comparison,1.0,1.0,1.0,1.0,1.0,1.0,1.0,0.2,1.0,1.0,
5ab29346554299545a2cf997,bridge,0.5,0.5,0.5,1.0,0.0,0.0,0.5,0.1,0.5,1.0,0.0
5ab729335542993667793f5a,bridge,0.5,0.5,0.5,1.0,0.0,0.0,0.5,0.1,1.0,0.0,0.0
5a84e21d5542997b5ce3ff7c,bridge,0.5,1.0,1.0,1.0,0.0,1.0,0.5,0.2,1.0,1.0,0.0
5a807f6a5542992bc0c4a737,bridge,1.0,1.0,1.0,1.0,1.0,1.0,1.0,0.2,1.0,1.0,1.0
5a84be845542991dd0999dcf,comparison,0.5,0.5,0.5,1.0,0.0,0.0,0.5,0.1,1.0,1.0,
5a776f8555429972597f1534,bridge,0.0,0.0,0.0,0.5,0.0,0.0,0.0,0.0,0.08333333333333333,0.0,0.0
5a72b2dc5542992359bc3173,bridge,1.0,1.0,1.0,1.0,1.0,1.0,1.0,0.2,1.0,1.0,1.0
5a8135cc55429903bc27b943,bridge,0.0,0.0,0.0,0.5,0.0,0.0,0.0,0.0,0.07692307692307693,0.0,0.0
5a7c6b86554299683c1c62ff,comparison,1.0,1.0,1.0,1.0,1.0,1.0,1.0,0.2,1.0,1.0,
5ab28019554299722f9b4d51,bridge,0.0,0.5,1.0,1.0,0.0,1.0,0.0,0.2,0.2,1.0,1.0
5a749af055429979e28829b7,comparison,0.5,0.5,1.0,1.0,0.0,1.0,0.5,0.2,1.0,1.0,
5a80abd15542996402f6a5e0,bridge,0.5,0.5,0.5,0.5,0.0,0.0,0.5,0.1,1.0,0.0,0.0
5a89a128554299669944a552,bridge,1.0,1.0,1.0,1.0,1.0,1.0,1.0,0.2,1.0,1.0,1.0
5ade279e5542992fa25da6fa,bridge,1.0,1.0,1.0,1.0,1.0,1.0,1.0,0.2,1.0,1.0,1.0
5ae33bdc5542992f92d8225e,bridge,1.0,1.0,1.0,1.0,1.0,1.0,1.0,0.2,1.0,1.0,1.0
5ab674b7554299110f219a0c,comparison,0.5,0.5,0.5,1.0,0.0,0.0,0.5,0.1,0.5,0.0,
5a7c6fde55429907fabeef87,bridge,0.5,0.5,0.5,0.5,0.0,0.0,0.5,0.1,1.0,0.0,0.0
5a78f3d255429970f5fffdf1,bridge,0.5,1.0,1.0,1.0,0.0,1.0,0.5,0.2,0.5,1.0,1.0
5a84d80c5542992a431d1ab5,comparison,1.0,1.0,1.0,1.0,1.0,1.0,1.0,0.2,1.0,1.0,
5a726b0f5542997f827839be,comparison,1.0,1.0,1.0,1.0,1.0,1.0,1.0,0.2,1.0,1.0,
5a81778355429926c1cdad2e,bridge,0.5,1.0,1.0,1.0,0.0,1.0,0.5,0.2,1.0,1.0,1.0
5ac24ad7554299636651995a,comparison,1.0,1.0,1.0,1.0,1.0,1.0,1.0,0.2,1.0,1.0,
5a73a7c755429978a71e9068,bridge,0.0,0.5,1.0,1.0,0.0,1.0,0.0,0.2,0.25,1.0,0.0
5a7143625542994082a3e71e,bridge,0.5,0.5,0.5,1.0,0.0,0.0,0.5,0.1,0.5,1.0,1.0
5ac3a928554299391541389f,bridge,1.0,1.0,1.0,1.0,1.0,1.0,1.0,0.2,1.0,1.0,1.0
5ab2e84855429929539468a6,bridge,0.5,0.5,1.0,1.0,0.0,1.0,0.5,0.2,1.0,1.0,1.0
5ab7f0b9554299366779405d,comparison,0.0,0.0,0.0,1.0,0.0,0.0,0.0,0.0,0.08333333333333333,0.0,
5ae528e655429908b632652c,bridge,1.0,1.0,1.0,1.0,1.0,1.0,1.0,0.2,1.0,1.0,1.0
5ae5a4e5554299546bf82f01,bridge,1.0,1.0,1.0,1.0,1.0,1.0,1.0,0.2,1.0,1.0,1.0
5a7dc2185542990b8f503a7b,bridge,0.5,0.5,0.5,1.0,0.0,0.0,0.5,0.1,1.0,1.0,0.0
5a7bbee85542997c3ec97270,bridge,0.5,1.0,1.0,1.0,0.0,1.0,0.5,0.2,1.0,1.0,0.0
5a727a635542994cef4bc2c9,bridge,0.5,1.0,1.0,1.0,0.0,1.0,0.5,0.2,0.5,1.0,1.0
5a836ce55542993344746012,comparison,1.0,1.0,1.0,1.0,1.0,1.0,1.0,0.2,1.0,1.0,
5ae526c455429908b6326529,bridge,1.0,1.0,1.0,1.0,1.0,1.0,1.0,0.2,1.0,1.0,1.0
5ab9dbc2554299232ef4a224,comparison,0.5,1.0,1.0,1.0,0.0,1.0,0.5,0.2,0.5,1.0,
5a80f42b55429938b614226c,bridge,1.0,1.0,1.0,1.0,1.0,1.0,1.0,0.2,1.0,1.0,1.0
5ab926bc554299131ca42285,bridge,0.5,0.5,0.5,1.0,0.0,0.0,0.5,0.1,1.0,0.0,0.0
5adcde475542994d58a2f709,bridge,0.5,0.5,0.5,1.0,0.0,0.0,0.5,0.1,0.5,0.0,0.0
5abc7bf75542993a06baf8f0,comparison,1.0,1.0,1.0,1.0,1.0,1.0,1.0,0.2,1.0,1.0,
5ae7793c554299540e5a55c2,bridge,0.0,0.0,0.5,0.5,0.0,0.0,0.0,0.1,0.16666666666666666,0.0,0.0
5a81fbc25542990a1d231f09,comparison,0.0,1.0,1.0,1.0,0.0,1.0,0.0,0.2,0.3333333333333333,1.0,
5ab207f65542993be8fa98b8,bridge,1.0,1.0,1.0,1.0,1.0,1.0,1.0,0.2,1.0,1.0,1.0
5a73595055429901807dafd6,bridge,0.0,0.0,0.0,0.5,0.0,0.0,0.0,0.0,0.08333333333333333,0.0,0.0
5ab42a2b5542996a3a969f5a,bridge,1.0,1.0,1.0,1.0,1.0,1.0,1.0,0.2,1.0,1.0,1.0
5ae0432a55429924de1b7081,comparison,1.0,1.0,1.0,1.0,1.0,1.0,1.0,0.2,1.0,1.0,
5ac2ba4855429921a00ab048,bridge,1.0,1.0,1.0,1.0,1.0,1.0,1.0,0.2,1.0,1.0,1.0
5ac21bac5542991316484bf2,bridge,0.0,0.0,0.0,1.0,0.0,0.0,0.0,0.0,0.07692307692307693,0.0,0.0
5ab7bf3f5542991d322237a8,bridge,1.0,1.0,1.0,1.0,1.0,1.0,1.0,0.2,1.0,1.0,1.0
5ab6c65e554299710c8d1f58,bridge,0.5,0.5,0.5,1.0,0.0,0.0,0.5,0.1,1.0,0.0,0.0
5abd848455429924427fd03a,comparison,1.0,1.0,1.0,1.0,1.0,1.0,1.0,0.2,1.0,1.0,
5ae1681b554299422ee9967c,bridge,0.0,0.0,0.0,0.5,0.0,0.0,0.0,0.0,0.06666666666666667,0.0,0.0
5a83e98e5542992ef85e2387,bridge,0.5,0.5,1.0,1.0,0.0,1.0,0.5,0.2,1.0,1.0,0.0
5a7c6c9d554299683c1c6302,bridge,1.0,1.0,1.0,1.0,1.0,1.0,1.0,0.2,1.0,1.0,1.0
5abd2cde5542993062266bb1,bridge,0.5,0.5,1.0,1.0,0.0,1.0,0.5,0.2,1.0,1.0,0.0
5ae0c7b055429945ae95944b,bridge,0.5,0.5,0.5,0.5,0.0,0.0,0.5,0.1,0.5,0.0,1.0
5a81df7d55429926c1cdadaa,bridge,1.0,1.0,1.0,1.0,1.0,1.0,1.0,0.2,1.0,1.0,0.0
5ab6e865554299710c8d1fad,comparison,0.5,1.0,1.0,1.0,0.0,1.0,0.5,0.2,1.0,1.0,
5a84f4c75542997175ce1f31,bridge,0.5,1.0,1.0,1.0,0.0,1.0,0.5,0.2,1.0,1.0,0.0
5ade9545554299728e26c741,bridge,0.5,0.5,0.5,0.5,0.0,0.0,0.5,0.1,1.0,0.0,0.0
5ac261265542992f1f2b3896,bridge,1.0,1.0,1.0,1.0,1.0,1.0,1.0,0.2,1.0,1.0,1.0
5ae5faf555429929b0807a4c,bridge,0.5,1.0,1.0,1.0,0.0,1.0,0.5,0.2,1.0,1.0,0.0
5ab45bcd5542991779162c80,bridge,0.5,0.5,0.5,1.0,0.0,0.0,0.5,0.1,1.0,0.0,0.0
5a8459aa5542996488c2e51e,bridge,0.0,0.0,0.0,0.5,0.0,0.0,0.0,0.0,0.07692307692307693,0.0,0.0
5ae236445542992decbdcc69,bridge,0.5,0.5,0.5,1.0,0.0,0.0,0.5,0.1,1.0,0.0,0.0
5ab28c73554299340b525512,bridge,0.5,1.0,1.0,1.0,0.0,1.0,0.5,0.2,1.0,1.0,1.0
5ac173295542994ab5c67d45,comparison,1.0,1.0,1.0,1.0,1.0,1.0,1.0,0.2,1.0,1.0,
5ae4d7fc5542990ba0bbb16f,comparison,1.0,1.0,1.0,1.0,1.0,1.0,1.0,0.2,1.0,1.0,
5ae0593855429945ae959333,bridge,0.5,0.5,0.5,1.0,0.0,0.0,0.5,0.1,1.0,0.0,0.0
5ab73eaf5542992aa3b8c7ef,bridge,1.0,1.0,1.0,1.0,1.0,1.0,1.0,0.2,1.0,1.0,1.0
5ab2b8fe5542991669774070,bridge,0.0,0.0,0.0,1.0,0.0,0.0,0.0,0.0,0.08333333333333333,0.0,0.0
5abc25b6554299700f9d77f9,comparison,1.0,1.0,1.0,1.0,1.0,1.0,1.0,0.2,1.0,1.0,
5a877e5d5542993e715abf7d,bridge,0.0,0.0,0.0,1.0,0.0,0.0,0.0,0.0,0.08333333333333333,0.0,0.0
5a74c1c05542996c70cfadd8,bridge,0.5,0.5,0.5,1.0,0.0,0.0,0.5,0.1,1.0,0.0,0.0
5a7663665542992d0ec060d3,bridge,0.0,0.0,0.5,1.0,0.0,0.0,0.0,0.1,0.14285714285714285,0.0,0.0
5a89fb525542993b751ca9d6,bridge,1.0,1.0,1.0,1.0,1.0,1.0,1.0,0.2,1.0,1.0,0.0
5adeacf955429975fa854f66,bridge,1.0,1.0,1.0,1.0,1.0,1.0,1.0,0.2,1.0,1.0,1.0
5a778cae55429949eeb29eeb,bridge,1.0,1.0,1.0,1.0,1.0,1.0,1.0,0.2,1.0,1.0,0.0
5ab4071955429976abd1bd38,bridge,0.5,0.5,0.5,0.5,0.0,0.0,0.5,0.1,1.0,0.0,0.0
5a73984355429908901be307,bridge,0.5,0.5,0.5,0.5,0.0,0.0,0.5,0.1,1.0,0.0,0.0
5a8dafbd554299068b959da0,bridge,1.0,1.0,1.0,1.0,1.0,1.0,1.0,0.2,1.0,1.0,1.0
5ae2fffe55429928c423959c,bridge,1.0,1.0,1.0,1.0,1.0,1.0,1.0,0.2,1.0,1.0,1.0
5abe2b0155429976d4830a83,bridge,0.5,1.0,1.0,1.0,0.0,1.0,0.5,0.2,1.0,1.0,0.0
5a7744555542994aec3b725b,bridge,1.0,1.0,1.0,1.0,1.0,1.0,1.0,0.2,1.0,1.0,1.0
5a84c01e5542991dd0999dd6,bridge,0.0,0.0,0.0,0.0,0.0,0.0,0.0,0.0,0.0,0.0,0.0
5adf04915542995534e8c72f,bridge,1.0,1.0,1.0,1.0,1.0,1.0,1.0,0.2,1.0,1.0,0.0
5a802fb8554299485f598582,comparison,0.5,0.5,0.5,1.0,0.0,0.0,0.5,0.1,0.5,0.0,
5a7781c955429949eeb29ea8,bridge,1.0,1.0,1.0,1.0,1.0,1.0,1.0,0.2,1.0,1.0,1.0
5a8e32d35542995a26add480,bridge,0.0,0.5,0.5,0.5,0.0,0.0,0.0,0.1,0.25,0.0,0.0
5a7c49dc55429935c91b514f,bridge,0.0,0.0,0.5,1.0,0.0,0.0,0.0,0.1,0.1111111111111111,1.0,0.0
5abffafe5542997d64295988,bridge,0.0,0.5,1.0,1.0,0.0,1.0,0.0,0.2,0.25,1.0,0.0
5add26075542994ed6169c9c,bridge,1.0,1.0,1.0,1.0,1.0,1.0,1.0,0.2,1.0,1.0,1.0
5a8f812755429918e830d245,bridge,0.5,0.5,0.5,1.0,0.0,0.0,0.5,0.1,1.0,0.0,0.0
5abfb3425542990832d3a1c0,bridge,1.0,1.0,1.0,1.0,1.0,1.0,1.0,0.2,1.0,1.0,1.0
5ac2c338554299657fa29039,bridge,0.5,1.0,1.0,1.0,0.0,1.0,0.5,0.2,1.0,1.0,0.0
5ab48a7c5542991751b4d7ab,bridge,1.0,1.0,1.0,1.0,1.0,1.0,1.0,0.2,1.0,1.0,1.0
5a79ea435542996c55b2dc9e,bridge,1.0,1.0,1.0,1.0,1.0,1.0,1.0,0.2,1.0,1.0,0.0
5a72160e55429971e9dc9253,bridge,0.5,1.0,1.0,1.0,0.0,1.0,0.5,0.2,0.5,1.0,0.0
5a7720d05542993569682cde,bridge,0.5,0.5,0.5,1.0,0.0,0.0,0.5,0.1,1.0,1.0,0.0
5a7a51b95542990783324f0f,bridge,0.5,1.0,1.0,1.0,0.0,1.0,0.5,0.2,0.5,1.0,0.0
5a8d7a8d55429941ae14dfc2,bridge,1.0,1.0,1.0,1.0,1.0,1.0,1.0,0.2,1.0,1.0,1.0
5a7e3b585542995ed0d166df,comparison,1.0,1.0,1.0,1.0,1.0,1.0,1.0,0.2,1.0,1.0,
5ab3af70554299233954ff81,bridge,1.0,1.0,1.0,1.0,1.0,1.0,1.0,0.2,1.0,1.0,1.0
5a8f533d5542992414482a4c,bridge,0.5,1.0,1.0,1.0,0.0,1.0,0.5,0.2,1.0,1.0,0.0
5a8c03415542995e66a4752a,bridge,0.5,1.0,1.0,1.0,0.0,1.0,0.5,0.2,1.0,1.0,0.0
5a80c74f554299260e20a158,bridge,1.0,1.0,1.0,1.0,1.0,1.0,1.0,0.2,1.0,1.0,1.0
5a8781b65542993e715abf8f,comparison,1.0,1.0,1.0,1.0,1.0,1.0,1.0,0.2,1.0,1.0,
5ab72b5855429928e1fe3828,bridge,0.0,0.0,0.5,1.0,0.0,0.0,0.0,0.1,0.125,1.0,0.0
5a738225554299623ed4abc3,comparison,1.0,1.0,1.0,1.0,1.0,1.0,1.0,0.2,1.0,1.0,
5ab54056554299488d4d9923,comparison,1.0,1.0,1.0,1.0,1.0,1.0,1.0,0.2,1.0,1.0,
5ae3006c55429928c423959f,bridge,1.0,1.0,1.0,1.0,1.0,1.0,1.0,0.2,1.0,1.0,1.0
5a87d8215542994775f60800,bridge,0.0,0.0,1.0,1.0,0.0,1.0,0.0,0.2,0.16666666666666666,1.0,0.0
5ae01b8855429925eb1afc14,bridge,0.0,0.0,1.0,1.0,0.0,1.0,0.0,0.2,0.125,1.0,0.0
5abed6905542990832d3a0ed,bridge,0.5,1.0,1.0,1.0,0.0,1.0,0.5,0.2,1.0,1.0,1.0
5ae617285542996de7b71b4c,bridge,0.5,0.5,0.5,0.5,0.0,0.0,0.5,0.1,1.0,0.0,0.0
5a7fb1b25542992097ad2fb2,bridge,0.0,0.0,0.5,0.5,0.0,0.0,0.0,0.1,0.16666666666666666,0.0,1.0
5a754fc35542996c70cfaedc,bridge,0.0,0.0,0.0,0.5,0.0,0.0,0.0,0.0,0.05555555555555555,0.0,0.0
5ac18b585542994ab5c67d76,bridge,0.5,0.5,0.5,1.0,0.0,0.0,0.5,0.1,1.0,1.0,0.0
5a88dc5a5542993b751ca890,bridge,0.5,0.5,0.5,1.0,0.0,0.0,0.5,0.1,1.0,0.0,0.0
5a8ee6145542990e94052bab,bridge,1.0,1.0,1.0,1.0,1.0,1.0,1.0,0.2,1.0,1.0,0.0
5a7b76735542997c3ec9719f,comparison,0.5,0.5,1.0,1.0,0.0,1.0,0.5,0.2,0.5,1.0,
5a7a96555542990198eaf159,comparison,0.5,1.0,1.0,1.0,0.0,1.0,0.5,0.2,0.5,1.0,
5a8afa4d55429949d91db44c,bridge,0.0,0.0,0.0,0.5,0.0,0.0,0.0,0.0,0.05555555555555555,0.0,0.0
5adf68ac5542993344016c79,bridge,0.5,0.5,0.5,1.0,0.0,0.0,0.5,0.1,1.0,0.0,0.0
5ae0111e55429906c02daabc,bridge,1.0,1.0,1.0,1.0,1.0,1.0,1.0,0.2,1.0,1.0,1.0
5a81028b55429938b614228a,comparison,1.0,1.0,1.0,1.0,1.0,1.0,1.0,0.2,1.0,1.0,
5ac3ce74554299204fd21e71,bridge,1.0,1.0,1.0,1.0,1.0,1.0,1.0,0.2,1.0,1.0,1.0
5a85db6e5542994c784ddb96,bridge,0.0,0.0,0.0,0.0,0.0,0.0,0.0,0.0,0.0,0.0,0.0
5addfdfa5542997dc790710b,bridge,0.5,0.5,0.5,1.0,0.0,0.0,0.5,0.1,1.0,0.0,0.0
5a84873e5542997175ce1eec,bridge,0.5,1.0,1.0,1.0,0.0,1.0,0.5,0.2,1.0,1.0,0.0
5ae4bcfc55429913cc2044eb,comparison,1.0,1.0,1.0,1.0,1.0,1.0,1.0,0.2,1.0,1.0,
5ab92307554299753720f72d,bridge,1.0,1.0,1.0,1.0,1.0,1.0,1.0,0.2,1.0,1.0,1.0
5abfad3c5542990832d3a197,bridge,1.0,1.0,1.0,1.0,1.0,1.0,1.0,0.2,1.0,1.0,1.0
5ab5627b5542992aa134a2ff,bridge,1.0,1.0,1.0,1.0,1.0,1.0,1.0,0.2,1.0,1.0,1.0
5a7220f055429971e9dc92ac,bridge,0.5,0.5,1.0,1.0,0.0,1.0,0.5,0.2,1.0,1.0,0.0
5ae140f95542997b2ef7d182,bridge,1.0,1.0,1.0,1.0,1.0,1.0,1.0,0.2,1.0,1.0,1.0
5ae114f155429901ffe4ad5c,comparison,1.0,1.0,1.0,1.0,1.0,1.0,1.0,0.2,1.0,1.0,
5ae2ff2055429928c4239598,bridge,0.5,0.5,1.0,1.0,0.0,1.0,0.5,0.2,1.0,1.0,1.0
5a72953b5542994cef4bc357,bridge,1.0,1.0,1.0,1.0,1.0,1.0,1.0,0.2,1.0,1.0,1.0
5a9068f85542990a98493623,bridge,1.0,1.0,1.0,1.0,1.0,1.0,1.0,0.2,1.0,1.0,1.0
5a8f9b8c5542997ba9cb32e6,comparison,0.5,1.0,1.0,1.0,0.0,1.0,0.5,0.2,1.0,1.0,
5adc094a55429947ff1738c0,bridge,0.0,0.0,0.5,1.0,0.0,0.0,0.0,0.1,0.125,0.0,0.0
5a87ed5b5542994846c1cdfc,bridge,1.0,1.0,1.0,1.0,1.0,1.0,1.0,0.2,1.0,1.0,0.0
5ac3a4ab5542993915413870,comparison,1.0,1.0,1.0,1.0,1.0,1.0,1.0,0.2,1.0,1.0,
5a77b9a35542995d83181280,bridge,0.0,0.5,1.0,1.0,0.0,1.0,0.0,0.2,0.3333333333333333,1.0,0.0
5ac3b62b554299741d48a2f6,bridge,0.5,0.5,0.5,0.5,0.0,0.0,0.5,0.1,1.0,0.0,0.0
5a73520c5542994cef4bc53f,bridge,0.5,1.0,1.0,1.0,0.0,1.0,0.5,0.2,1.0,1.0,0.0
5ab524595542996a3a96a034,bridge,0.5,0.5,0.5,0.5,0.0,0.0,0.5,0.1,1.0,0.0,0.0
5adbda2755429944faac2385,bridge,1.0,1.0,1.0,1.0,1.0,1.0,1.0,0.2,1.0,1.0,0.0
5adcf48e5542992c1e3a24d4,bridge,1.0,1.0,1.0,1.0,1.0,1.0,1.0,0.2,1.0,1.0,1.0
5a88a1475542997e5c09a646,comparison,1.0,1.0,1.0,1.0,1.0,1.0,1.0,0.2,1.0,1.0,
5a8b71915542995d1e6f1393,bridge,0.0,0.0,0.0,0.5,0.0,0.0,0.0,0.0,0.07692307692307693,0.0,0.0
5abea98d5542990832d3a07d,bridge,0.5,1.0,1.0,1.0,0.0,1.0,0.5,0.2,1.0,1.0,0.0
5abbc4f955429931dba144ff,bridge,1.0,1.0,1.0,1.0,1.0,1.0,1.0,0.2,1.0,1.0,1.0
5a7577145542996c70cfaf03,comparison,0.5,1.0,1.0,1.0,0.0,1.0,0.5,0.2,1.0,1.0,
5ac3a049554299741d48a2ba,bridge,1.0,1.0,1.0,1.0,1.0,1.0,1.0,0.2,1.0,1.0,1.0
5addc79d5542995b365fab7b,bridge,0.5,0.5,1.0,1.0,0.0,1.0,0.5,0.2,0.5,1.0,0.0
5ae7f7ec554299540e5a56de,bridge,1.0,1.0,1.0,1.0,1.0,1.0,1.0,0.2,1.0,1.0,1.0
5ae5b99a5542993aec5ec1ce,bridge,1.0,1.0,1.0,1.0,1.0,1.0,1.0,0.2,1.0,1.0,0.0
5ae6143f5542996de7b71b2d,bridge,0.5,1.0,1.0,1.0,0.0,1.0,0.5,0.2,1.0,1.0,1.0
5a7320ac5542991f9a20c620,comparison,0.5,0.5,0.5,1.0,0.0,0.0,0.5,0.1,0.5,0.0,
5abd13b655429924427fceea,bridge,0.5,0.5,1.0,1.0,0.0,1.0,0.5,0.2,1.0,1.0,1.0
5adf8a065542992d7e9f9392,bridge,1.0,1.0,1.0,1.0,1.0,1.0,1.0,0.2,1.0,1.0,1.0
5ae3776e5542992e3233c40c,comparison,0.5,1.0,1.0,1.0,0.0,1.0,0.5,0.2,1.0,1.0,
5a7360235542991f29ee2dc7,bridge,1.0,1.0,1.0,1.0,1.0,1.0,1.0,0.2,1.0,1.0,0.0
5ae1fced5542997283cd230e,comparison,1.0,1.0,1.0,1.0,1.0,1.0,1.0,0.2,1.0,1.0,
5a77ba6c55429967ab10524c,bridge,1.0,1.0,1.0,1.0,1.0,1.0,1.0,0.2,1.0,1.0,1.0
5a8483b45542992a431d1a40,bridge,0.5,0.5,1.0,1.0,0.0,1.0,0.5,0.2,1.0,1.0,0.0
5ab7b3cc55429928e1fe3893,comparison,0.5,1.0,1.0,1.0,0.0,1.0,0.5,0.2,1.0,1.0,
5ab81cd955429916710eaff7,bridge,1.0,1.0,1.0,1.0,1.0,1.0,1.0,0.2,1.0,1.0,1.0
5a7d3f895542995f4f402248,bridge,0.5,1.0,1.0,1.0,0.0,1.0,0.5,0.2,1.0,1.0,0.0
5ae4d9985542990ba0bbb175,comparison,1.0,1.0,1.0,1.0,1.0,1.0,1.0,0.2,1.0,1.0,
5abffda6554299012d1db55b,bridge,0.5,0.5,0.5,1.0,0.0,0.0,0.5,0.1,1.0,0.0,0.0
5a7e86245542991319bc94ce,bridge,0.5,0.5,0.5,1.0,0.0,0.0,0.5,0.1,0.5,0.0,0.0
5a72f45a5542992359bc31e6,bridge,0.5,0.5,0.5,1.0,0.0,0.0,0.5,0.1,1.0,1.0,0.0
5a88fa1c5542995153361219,bridge,1.0,1.0,1.0,1.0,1.0,1.0,1.0,0.2,1.0,1.0,1.0
5adc75525542994650320d0e,comparison,1.0,1.0,1.0,1.0,1.0,1.0,1.0,0.2,1.0,1.0,
5a7cb9985542990527d55514,bridge,0.5,1.0,1.0,1.0,0.0,1.0,0.5,0.2,1.0,1.0,1.0
5adffd4755429906c02daa9b,bridge,1.0,1.0,1.0,1.0,1.0,1.0,1.0,0.2,1.0,1.0,1.0
5a7283365542991f9a20c4b2,bridge,0.5,0.5,1.0,1.0,0.0,1.0,0.5,0.2,1.0,1.0,0.0
5a90bb4e55429916514e7536,bridge,1.0,1.0,1.0,1.0,1.0,1.0,1.0,0.2,1.0,1.0,1.0
5adf9f6c5542992d7e9f93c2,bridge,0.5,0.5,1.0,1.0,0.0,1.0,0.5,0.2,1.0,1.0,0.0
5abf64265542997ec76fd3eb,bridge,1.0,1.0,1.0,1.0,1.0,1.0,1.0,0.2,1.0,1.0,1.0
5a849cc95542997175ce1efa,bridge,0.5,1.0,1.0,1.0,0.0,1.0,0.5,0.2,1.0,1.0,1.0
5ae397df5542994393b9e71f,bridge,1.0,1.0,1.0,1.0,1.0,1.0,1.0,0.2,1.0,1.0,0.0
5a8a40015542996c9b8d5e72,bridge,1.0,1.0,1.0,1.0,1.0,1.0,1.0,0.2,1.0,1.0,0.0
5a7a3edd5542990783324ed9,bridge,1.0,1.0,1.0,1.0,1.0,1.0,1.0,0.2,1.0,1.0,1.0
5a89d26b5542992e4fca83d1,bridge,1.0,1.0,1.0,1.0,1.0,1.0,1.0,0.2,1.0,1.0,1.0
5abc8507554299700f9d78de,bridge,0.5,0.5,0.5,1.0,0.0,0.0,0.5,0.1,1.0,0.0,0.0
5a88651b55429938390d3f45,comparison,1.0,1.0,1.0,1.0,1.0,1.0,1.0,0.2,1.0,1.0,
5abc17555542993a06baf858,bridge,0.5,0.5,0.5,0.5,0.0,0.0,0.5,0.1,1.0,0.0,0.0
5a8359c7554299123d8c20fb,bridge,1.0,1.0,1.0,1.0,1.0,1.0,1.0,0.2,1.0,1.0,1.0
5adc1ae5554299438c868d5c,bridge,1.0,1.0,1.0,1.0,1.0,1.0,1.0,0.2,1.0,1.0,1.0
5add23e45542992ae4cec4a1,bridge,1.0,1.0,1.0,1.0,1.0,1.0,1.0,0.2,1.0,1.0,1.0
5ab499a55542996a3a969f9f,comparison,1.0,1.0,1.0,1.0,1.0,1.0,1.0,0.2,1.0,1.0,
5a7647505542992d0ec06089,comparison,0.5,1.0,1.0,1.0,0.0,1.0,0.5,0.2,1.0,1.0,
5a85df525542994c784ddb9f,bridge,0.5,1.0,1.0,1.0,0.0,1.0,0.5,0.2,0.5,1.0,0.0
5a8f12705542997ba9cb31be,bridge,0.5,0.5,0.5,1.0,0.0,0.0,0.5,0.1,1.0,0.0,0.0
5a738d27554299623ed4abf3,bridge,1.0,1.0,1.0,1.0,1.0,1.0,1.0,0.2,1.0,1.0,0.0
5a7c6e435542996dd594b933,bridge,1.0,1.0,1.0,1.0,1.0,1.0,1.0,0.2,1.0,1.0,1.0
5ae058e855429945ae959331,comparison,1.0,1.0,1.0,1.0,1.0,1.0,1.0,0.2,1.0,1.0,
5abb01025542992ccd8e7eab,bridge,1.0,1.0,1.0,1.0,1.0,1.0,1.0,0.2,1.0,1.0,1.0
5ac2bbd0554299218029db09,bridge,0.0,0.0,0.0,0.5,0.0,0.0,0.0,0.0,0.05263157894736842,0.0,0.0
5ac14d0c5542991316484ae2,comparison,1.0,1.0,1.0,1.0,1.0,1.0,1.0,0.2,1.0,1.0,
5ae37ca55542992f92d822d5,bridge,0.5,0.5,0.5,0.5,0.0,0.0,0.5,0.1,1.0,0.0,0.0
5a79dae35542994f819ef0d3,bridge,0.0,0.5,0.5,1.0,0.0,0.0,0.0,0.1,0.2,0.0,0.0
5a7b18d25542992d025e6768,bridge,0.5,0.5,1.0,1.0,0.0,1.0,0.5,0.2,1.0,1.0,0.0
5ae164685542997b2ef7d1cb,bridge,0.0,0.0,0.5,0.5,0.0,0.0,0.0,0.1,0.14285714285714285,0.0,0.0
5ac13d5c5542996f0d89cc78,bridge,1.0,1.0,1.0,1.0,1.0,1.0,1.0,0.2,1.0,1.0,1.0
5a903b7255429933b8a204ae,bridge,1.0,1.0,1.0,1.0,1.0,1.0,1.0,0.2,1.0,1.0,1.0
5ac3a364554299391541385d,bridge,0.5,0.5,1.0,1.0,0.0,1.0,0.5,0.2,1.0,1.0,0.0
5ab1e97f554299340b525427,bridge,1.0,1.0,1.0,1.0,1.0,1.0,1.0,0.2,1.0,1.0,1.0
5ac2455e55429951e9e68512,comparison,0.5,1.0,1.0,1.0,0.0,1.0,0.5,0.2,0.5,1.0,
5ac257fe55429951e9e68562,comparison,1.0,1.0,1.0,1.0,1.0,1.0,1.0,0.2,1.0,1.0,
5a90970d5542995651fb51a5,bridge,0.5,1.0,1.0,1.0,0.0,1.0,0.5,0.2,1.0,1.0,1.0
5ae206c45542994d89d5b311,bridge,0.5,0.5,0.5,1.0,0.0,0.0,0.5,0.1,1.0,0.0,0.0
5ac43ddf5542995c82c4ad08,bridge,0.5,1.0,1.0,1.0,0.0,1.0,0.5,0.2,1.0,1.0,0.0
5a8601f855429960ec39b5fd,bridge,0.5,1.0,1.0,1.0,0.0,1.0,0.5,0.2,1.0,1.0,1.0
5a7a05485542990783324def,bridge,0.5,0.5,1.0,1.0,0.0,1.0,0.5,0.2,0.5,1.0,1.0
5a8b8f5b55429949d91db5e1,bridge,0.5,0.5,1.0,1.0,0.0,1.0,0.5,0.2,1.0,1.0,0.0
5a8f54165542992414482a52,bridge,0.5,1.0,1.0,1.0,0.0,1.0,0.5,0.2,1.0,1.0,0.0
5a7350585542992359bc32f9,bridge,1.0,1.0,1.0,1.0,1.0,1.0,1.0,0.2,1.0,1.0,1.0
5ae1cf355542997f29b3c126,comparison,1.0,1.0,1.0,1.0,1.0,1.0,1.0,0.2,1.0,1.0,
5a8af11a55429950cd6afc21,bridge,1.0,1.0,1.0,1.0,1.0,1.0,1.0,0.2,1.0,1.0,1.0
5ae5e762554299546bf82faf,bridge,0.0,0.5,0.5,0.5,0.0,0.0,0.0,0.1,0.2,0.0,0.0
5a7322165542994cef4bc470,bridge,0.5,1.0,1.0,1.0,0.0,1.0,0.5,0.2,1.0,1.0,1.0
5a8f15ec554299458435d552,bridge,0.5,0.5,0.5,1.0,0.0,0.0,0.5,0.1,1.0,0.0,0.0
5a7a96b055429941d65f26d7,bridge,0.5,0.5,1.0,1.0,0.0,1.0,0.5,0.2,1.0,1.0,0.0
5a7f63645542992e7d278cf1,comparison,1.0,1.0,1.0,1.0,1.0,1.0,1.0,0.2,1.0,1.0,
5a9073405542995b442420bb,bridge,1.0,1.0,1.0,1.0,1.0,1.0,1.0,0.2,1.0,1.0,1.0
5ae610e55542995703ce8ae1,bridge,1.0,1.0,1.0,1.0,1.0,1.0,1.0,0.2,1.0,1.0,0.0
5a85fb085542994775f606de,bridge,0.0,0.0,0.0,0.5,0.0,0.0,0.0,0.0,0.09090909090909091,0.0,0.0
5ae60d36554299546bf8303e,bridge,0.5,1.0,1.0,1.0,0.0,1.0,0.5,0.2,1.0,1.0,0.0
5a7dbf4e5542990b8f503a68,bridge,0.5,0.5,0.5,0.5,0.0,0.0,0.5,0.1,1.0,0.0,0.0
5adcd5005542994d58a2f6f0,bridge,1.0,1.0,1.0,1.0,1.0,1.0,1.0,0.2,1.0,1.0,1.0
5a71443f5542994082a3e727,comparison,1.0,1.0,1.0,1.0,1.0,1.0,1.0,0.2,1.0,1.0,
5ac1089f554299012d1db688,comparison,0.5,1.0,1.0,1.0,0.0,1.0,0.5,0.2,1.0,1.0,
5a79fe3b5542994f819ef119,bridge,0.5,0.5,0.5,1.0,0.0,0.0,0.5,0.1,1.0,1.0,0.0
5a7280925542991f9a20c4a1,comparison,1.0,1.0,1.0,1.0,1.0,1.0,1.0,0.2,1.0,1.0,
5a7319bc5542992359bc3235,comparison,1.0,1.0,1.0,1.0,1.0,1.0,1.0,0.2,1.0,1.0,
5abd94525542992ac4f382d2,bridge,0.0,0.5,1.0,1.0,0.0,1.0,0.0,0.2,0.2,1.0,1.0
5ae135fb55429920d523431f,bridge,1.0,1.0,1.0,1.0,1.0,1.0,1.0,0.2,1.0,1.0,1.0
5ae81b895542997ec272770c,bridge,0.5,0.5,0.5,0.5,0.0,0.0,0.5,0.1,1.0,0.0,0.0
5abbd34d5542993f40c73bc6,bridge,1.0,1.0,1.0,1.0,1.0,1.0,1.0,0.2,1.0,1.0,1.0
5ac375495542995ef918c1a3,bridge,1.0,1.0,1.0,1.0,1.0,1.0,1.0,0.2,1.0,1.0,1.0
5a8bc3ac5542995e66a47501,bridge,0.5,0.5,0.5,1.0,0.0,0.0,0.5,0.1,0.5,0.0,0.0
5a792f3e554299029c4b5f20,bridge,1.0,1.0,1.0,1.0,1.0,1.0,1.0,0.2,1.0,1.0,1.0
5a84a1c85542992a431d1a7c,bridge,0.5,1.0,1.0,1.0,0.0,1.0,0.5,0.2,1.0,1.0,0.0
5ae1f596554299234fd04372,bridge,0.0,0.0,0.0,0.5,0.0,0.0,0.0,0.0,0.07142857142857142,0.0,0.0
5adfa92d55429942ec259ae0,comparison,0.5,1.0,1.0,1.0,0.0,1.0,0.5,0.2,1.0,1.0,
5abdba405542993f32c2a023,bridge,1.0,1.0,1.0,1.0,1.0,1.0,1.0,0.2,1.0,1.0,1.0
5a835c9f5542992ef85e228a,bridge,0.5,0.5,0.5,0.5,0.0,0.0,0.5,0.1,1.0,0.0,0.0
5ae72f75554299572ea5476c,bridge,0.0,0.0,1.0,1.0,0.0,1.0,0.0,0.2,0.125,1.0,1.0
5ab741005542992aa3b8c800,bridge,1.0,1.0,1.0,1.0,1.0,1.0,1.0,0.2,1.0,1.0,0.0
5ae1ee6d5542997283cd22fd,bridge,0.5,0.5,1.0,1.0,0.0,1.0,0.5,0.2,1.0,1.0,0.0
5a7785af55429949eeb29ec2,comparison,1.0,1.0,1.0,1.0,1.0,1.0,1.0,0.2,1.0,1.0,
5a7d1c525542995ed0d165f2,bridge,0.0,0.0,0.0,0.5,0.0,0.0,0.0,0.0,0.09090909090909091,0.0,0.0
5ae5eb0d554299546bf82fd2,bridge,1.0,1.0,1.0,1.0,1.0,1.0,1.0,0.2,1.0,1.0,0.0
5ab529005542996a3a96a045,bridge,0.0,0.0,0.0,1.0,0.0,0.0,0.0,0.0,0.09090909090909091,0.0,0.0
5abc184a5542993a06baf863,bridge,0.5,1.0,1.0,1.0,0.0,1.0,0.5,0.2,1.0,1.0,1.0
5ae17daa55429901ffe4aea9,bridge,0.0,0.0,0.5,0.5,0.0,0.0,0.0,0.1,0.125,0.0,0.0
5a8789115542994846c1cd9a,bridge,0.0,0.0,0.5,1.0,0.0,0.0,0.0,0.1,0.1,0.0,0.0
5ae1e4e2554299492dc91bab,bridge,1.0,1.0,1.0,1.0,1.0,1.0,1.0,0.2,1.0,1.0,0.0
5ade914b55429939a52fe8f9,bridge,1.0,1.0,1.0,1.0,1.0,1.0,1.0,0.2,1.0,1.0,0.0
5a722fae55429971e9dc9343,bridge,0.5,0.5,0.5,1.0,0.0,0.0,0.5,0.1,0.5,0.0,0.0
5ae65b845542992ae0d162f1,bridge,0.5,1.0,1.0,1.0,0.0,1.0,0.5,0.2,1.0,1.0,0.0
5a84800f554299123d8c2276,bridge,1.0,1.0,1.0,1.0,1.0,1.0,1.0,0.2,1.0,1.0,1.0
5abdb8ba5542993f32c2a015,bridge,1.0,1.0,1.0,1.0,1.0,1.0,1.0,0.2,1.0,1.0,0.0
5ab2d28b55429916697740ee,bridge,0.5,0.5,0.5,1.0,0.0,0.0,0.5,0.1,1.0,0.0,0.0
5adfc50355429942ec259b43,bridge,1.0,1.0,1.0,1.0,1.0,1.0,1.0,0.2,1.0,1.0,1.0
5ab48af35542996a3a969f92,bridge,0.5,0.5,1.0,1.0,0.0,1.0,0.5,0.2,1.0,1.0,0.0
5ab3dbd8554299233954ffd6,bridge,0.5,0.5,1.0,1.0,0.0,1.0,0.5,0.2,1.0,1.0,0.0
5a7dd9445542997cc2c474ac,comparison,0.5,0.5,1.0,1.0,0.0,1.0,0.5,0.2,1.0,1.0,
5a8b99a45542997f31a41d7f,bridge,0.5,0.5,1.0,1.0,0.0,1.0,0.5,0.2,1.0,1.0,1.0
5ab553e2554299494045ef81,bridge,1.0,1.0,1.0,1.0,1.0,1.0,1.0,0.2,1.0,1.0,1.0
5a7cdd1c554299683c1c63a8,bridge,0.5,0.5,1.0,1.0,0.0,1.0,0.5,0.2,1.0,1.0,0.0
5ac3a0db554299391541383a,bridge,0.0,0.0,0.0,0.5,0.0,0.0,0.0,0.0,0.09090909090909091,0.0,0.0
5a83316b5542993344745fe5,bridge,0.0,0.0,0.0,0.5,0.0,0.0,0.0,0.0,0.0625,0.0,0.0
5a90937955429933b8a20568,bridge,1.0,1.0,1.0,1.0,1.0,1.0,1.0,0.2,1.0,1.0,1.0
5aba971a55429955dce3ee94,bridge,1.0,1.0,1.0,1.0,1.0,1.0,1.0,0.2,1.0,1.0,0.0
5ac1a4745542991316484b82,bridge,1.0,1.0,1.0,1.0,1.0,1.0,1.0,0.2,1.0,1.0,1.0
5ae5df84554299546bf82fa8,bridge,0.0,1.0,1.0,1.0,0.0,1.0,0.0,0.2,0.25,1.0,1.0
5abf44025542993fe9a41def,comparison,1.0,1.0,1.0,1.0,1.0,1.0,1.0,0.2,1.0,1.0,
5a7ddd565542997cc2c474b2,bridge,1.0,1.0,1.0,1.0,1.0,1.0,1.0,0.2,1.0,1.0,1.0
5a89382655429951533612e8,bridge,0.5,1.0,1.0,1.0,0.0,1.0,0.5,0.2,0.5,1.0,0.0
5ae1e9635542997f29b3c19e,comparison,0.5,1.0,1.0,1.0,0.0,1.0,0.5,0.2,0.5,1.0,
5a8aad0d5542992d82986f55,bridge,0.0,0.0,0.5,0.5,0.0,0.0,0.0,0.1,0.125,0.0,0.0
5ae1500655429920d52343cc,bridge,1.0,1.0,1.0,1.0,1.0,1.0,1.0,0.2,1.0,1.0,1.0
5a75e33855429976ec32bc74,bridge,0.0,0.0,0.5,0.5,0.0,0.0,0.0,0.1,0.16666666666666666,0.0,0.0
5a78d2b955429974737f78c0,bridge,1.0,1.0,1.0,1.0,1.0,1.0,1.0,0.2,1.0,1.0,1.0
5ae1e11c554299234fd04335,comparison,1.0,1.0,1.0,1.0,1.0,1.0,1.0,0.2,1.0,1.0,
5abe34095542993f32c2a088,bridge,0.5,0.5,1.0,1.0,0.0,1.0,0.5,0.2,1.0,1.0,0.0
5abdcea955429965af743e5a,bridge,0.5,1.0,1.0,1.0,0.0,1.0,0.5,0.2,1.0,1.0,0.0
5a860baa554299211dda2a4c,bridge,1.0,1.0,1.0,1.0,1.0,1.0,1.0,0.2,1.0,1.0,1.0
5a8ceb4955429941ae14df43,bridge,0.0,0.5,1.0,1.0,0.0,1.0,0.0,0.2,0.2,1.0,1.0
5a8da2b05542994ba4e3dcdc,bridge,1.0,1.0,1.0,1.0,1.0,1.0,1.0,0.2,1.0,1.0,1.0
5a7b66135542997c3ec97145,comparison,0.5,1.0,1.0,1.0,0.0,1.0,0.5,0.2,1.0,1.0,
5a750de95542993748c897ac,bridge,0.5,1.0,1.0,1.0,0.0,1.0,0.5,0.2,1.0,1.0,1.0
5ae7ee41554299540e5a56b0,bridge,1.0,1.0,1.0,1.0,1.0,1.0,1.0,0.2,1.0,1.0,1.0
5a72b9155542992359bc3187,bridge,1.0,1.0,1.0,1.0,1.0,1.0,1.0,0.2,1.0,1.0,1.0
5adcbb815542994ed6169bde,bridge,0.0,0.0,1.0,1.0,0.0,1.0,0.0,0.2,0.125,1.0,1.0
5add8ec55542997545bbbd7e,comparison,1.0,1.0,1.0,1.0,1.0,1.0,1.0,0.2,1.0,1.0,
5ae127c9554299422ee99612,bridge,0.5,1.0,1.0,1.0,0.0,1.0,0.5,0.2,1.0,1.0,1.0
5ae760415542997b22f6a708,bridge,0.5,0.5,0.5,0.5,0.0,0.0,0.5,0.1,1.0,0.0,0.0
5a74b55455429974ef308c39,bridge,0.5,0.5,0.5,0.5,0.0,0.0,0.5,0.1,1.0,0.0,0.0
5a836a2d554299334474600f,bridge,1.0,1.0,1.0,1.0,1.0,1.0,1.0,0.2,1.0,1.0,1.0
5a8085705542992bc0c4a74b,bridge,0.5,1.0,1.0,1.0,0.0,1.0,0.5,0.2,1.0,1.0,1.0
5adc872b5542994d58a2f62f,comparison,0.5,0.5,0.5,1.0,0.0,0.0,0.5,0.1,1.0,0.0,
5a7e1cad55429965cec5ea75,comparison,0.5,0.5,0.5,1.0,0.0,0.0,0.5,0.1,1.0,0.0,
5ab9188c5542991b5579f0f5,comparison,0.0,0.5,0.5,1.0,0.0,0.0,0.0,0.1,0.2,0.0,
5ab94fa25542996be2020474,bridge,0.5,1.0,1.0,1.0,0.0,1.0,0.5,0.2,1.0,1.0,0.0
5a7224ab55429971e9dc92dd,bridge,0.5,1.0,1.0,1.0,0.0,1.0,0.5,0.2,0.5,1.0,1.0
5abbb0655542992ccd8e7f72,bridge,0.5,1.0,1.0,1.0,0.0,1.0,0.5,0.2,1.0,1.0,0.0
5a8e8bed5542990e94052b47,bridge,0.0,0.5,1.0,1.0,0.0,1.0,0.0,0.2,0.3333333333333333,1.0,1.0
5a8de7c65542995085b37353,bridge,1.0,1.0,1.0,1.0,1.0,1.0,1.0,0.2,1.0,1.0,1.0
5adce22c5542990d50227d51,bridge,1.0,1.0,1.0,1.0,1.0,1.0,1.0,0.2,1.0,1.0,1.0
5adf35935542993344016c36,bridge,0.0,0.5,0.5,1.0,0.0,0.0,0.0,0.1,0.25,1.0,0.0
5a8bd4d65542997f31a41dd8,comparison,1.0,1.0,1.0,1.0,1.0,1.0,1.0,0.2,1.0,1.0,
5a8e07185542995085b37389,bridge,1.0,1.0,1.0,1.0,1.0,1.0,1.0,0.2,1.0,1.0,1.0
5a8ee7c95542990e94052bb1,bridge,1.0,1.0,1.0,1.0,1.0,1.0,1.0,0.2,1.0,1.0,1.0
5ac5391e5542994611c8b439,bridge,0.5,0.5,0.5,0.5,0.0,0.0,0.5,0.1,1.0,0.0,0.0
5a7e19e655429965cec5ea58,bridge,1.0,1.0,1.0,1.0,1.0,1.0,1.0,0.2,1.0,1.0,1.0
5ab69f13554299710c8d1ef3,comparison,0.5,0.5,0.5,1.0,0.0,0.0,0.5,0.1,1.0,0.0,
5a8842435542994846c1ce6d,bridge,0.5,1.0,1.0,1.0,0.0,1.0,0.5,0.2,1.0,1.0,0.0
5ab2383155429970612095c1,comparison,1.0,1.0,1.0,1.0,1.0,1.0,1.0,0.2,1.0,1.0,
5a88db445542993b751ca88a,bridge,1.0,1.0,1.0,1.0,1.0,1.0,1.0,0.2,1.0,1.0,1.0
5ae163b3554299422ee99678,bridge,0.5,1.0,1.0,1.0,0.0,1.0,0.5,0.2,0.5,1.0,1.0
5a72a51355429901807daf21,bridge,0.5,1.0,1.0,1.0,0.0,1.0,0.5,0.2,1.0,1.0,0.0
5a7148d25542994082a3e766,comparison,1.0,1.0,1.0,1.0,1.0,1.0,1.0,0.2,1.0,1.0,
5a7cc59c55429909bec767fb,bridge,0.5,1.0,1.0,1.0,0.0,1.0,0.5,0.2,1.0,1.0,1.0
5adf34955542993a75d26423,bridge,0.5,1.0,1.0,1.0,0.0,1.0,0.5,0.2,1.0,1.0,1.0
5adcc90c5542990d50227d1b,bridge,0.0,0.5,0.5,0.5,0.0,0.0,0.0,0.1,0.2,0.0,0.0
5a7c07e15542997c3ec972c7,bridge,1.0,1.0,1.0,1.0,1.0,1.0,1.0,0.2,1.0,1.0,1.0
5a7c917e5542990527d554d3,bridge,1.0,1.0,1.0,1.0,1.0,1.0,1.0,0.2,1.0,1.0,1.0
5ab6dbc15542995eadef00cd,comparison,1.0,1.0,1.0,1.0,1.0,1.0,1.0,0.2,1.0,1.0,
5a74cfc75542996c70cfadfe,bridge,0.5,0.5,0.5,1.0,0.0,0.0,0.5,0.1,1.0,0.0,0.0
5ac557975542993e66e8231c,bridge,0.5,0.5,0.5,0.5,0.0,0.0,0.5,0.1,1.0,0.0,0.0
5a7b43735542992d025e67cb,bridge,0.5,0.5,1.0,1.0,0.0,1.0,0.5,0.2,1.0,1.0,0.0
5a904f6355429916514e746e,bridge,0.5,0.5,0.5,0.5,0.0,0.0,0.5,0.1,1.0,0.0,0.0
5a7294b65542991f9a20c509,bridge,0.0,0.0,0.0,0.0,0.0,0.0,0.0,0.0,0.0,0.0,0.0
5a8aff3d55429971feec45df,bridge,0.5,1.0,1.0,1.0,0.0,1.0,0.5,0.2,1.0,1.0,0.0
5a7dc3275542997cc2c4749c,bridge,0.0,0.0,0.0,0.5,0.0,0.0,0.0,0.0,0.08333333333333333,0.0,0.0
5a758aff5542992d0ec05fb2,bridge,0.0,0.0,0.0,0.5,0.0,0.0,0.0,0.0,0.09090909090909091,0.0,0.0
5a8f03855542997ba9cb3186,bridge,1.0,1.0,1.0,1.0,1.0,1.0,1.0,0.2,1.0,1.0,1.0
5addf6135542990dbb2f7f23,bridge,0.5,1.0,1.0,1.0,0.0,1.0,0.5,0.2,0.5,1.0,0.0
5a8838885542994846c1ce39,comparison,1.0,1.0,1.0,1.0,1.0,1.0,1.0,0.2,1.0,1.0,
5a81cf64554299676cceb0ed,bridge,1.0,1.0,1.0,1.0,1.0,1.0,1.0,0.2,1.0,1.0,1.0
5a78e49855429974737f78f3,bridge,0.5,1.0,1.0,1.0,0.0,1.0,0.5,0.2,1.0,1.0,0.0
5aba9813554299232ef4a357,comparison,1.0,1.0,1.0,1.0,1.0,1.0,1.0,0.2,1.0,1.0,
5ae0536755429924de1b70a6,comparison,1.0,1.0,1.0,1.0,1.0,1.0,1.0,0.2,1.0,1.0,
5addf9e05542997dc79070f9,bridge,0.5,1.0,1.0,1.0,0.0,1.0,0.5,0.2,1.0,1.0,1.0
5a7455eb55429979e2882908,bridge,1.0,1.0,1.0,1.0,1.0,1.0,1.0,0.2,1.0,1.0,0.0
5a76dc2d55429972597f13eb,bridge,0.0,0.0,0.0,0.5,0.0,0.0,0.0,0.0,0.07692307692307693,0.0,0.0
5a76cb9b55429966f1a36bf2,bridge,1.0,1.0,1.0,1.0,1.0,1.0,1.0,0.2,1.0,1.0,1.0
5ae0345855429924de1b705f,bridge,1.0,1.0,1.0,1.0,1.0,1.0,1.0,0.2,1.0,1.0,1.0
5abcfcf0554299114383a1b4,bridge,1.0,1.0,1.0,1.0,1.0,1.0,1.0,0.2,1.0,1.0,1.0
5a7af23a55429931da12c994,bridge,0.5,1.0,1.0,1.0,0.0,1.0,0.5,0.2,1.0,1.0,1.0
5ab5b732554299494045f03c,bridge,0.0,0.0,1.0,1.0,0.0,1.0,0.0,0.2,0.125,1.0,1.0
5ade630e55429975fa854eb7,bridge,1.0,1.0,1.0,1.0,1.0,1.0,1.0,0.2,1.0,1.0,0.0
5ade6fcd55429975fa854ecf,bridge,0.5,0.5,0.5,1.0,0.0,0.0,0.5,0.1,1.0,0.0,0.0
5abfca465542993fe9a41e65,bridge,0.5,1.0,1.0,1.0,0.0,1.0,0.5,0.2,0.5,1.0,0.0
5adda8d45542995b365fab59,bridge,0.5,0.5,0.5,0.5,0.0,0.0,0.5,0.1,1.0,0.0,0.0
5ab46a0f5542990594ba9c1b,bridge,1.0,1.0,1.0,1.0,1.0,1.0,1.0,0.2,1.0,1.0,1.0
5ab5e8935542997d4ad1f23b,bridge,0.5,0.5,1.0,1.0,0.0,1.0,0.5,0.2,1.0,1.0,0.0
5abcfc365542993a06baf9d6,bridge,0.5,1.0,1.0,1.0,0.0,1.0,0.5,0.2,0.5,1.0,1.0
5abd455c55429924427fcf5a,comparison,0.5,0.5,0.5,1.0,0.0,0.0,0.5,0.1,1.0,0.0,
5a7eb22655429930675135cb,bridge,0.5,0.5,0.5,1.0,0.0,0.0,0.5,0.1,1.0,0.0,0.0
5a738093554299623ed4abbb,bridge,0.0,0.0,0.0,1.0,0.0,0.0,0.0,0.0,0.08333333333333333,0.0,0.0
5ab2ce27554299545a2cfa98,bridge,1.0,1.0,1.0,1.0,1.0,1.0,1.0,0.2,1.0,1.0,1.0
5ae7b40e5542994a481bbdbd,bridge,0.0,0.0,0.0,0.5,0.0,0.0,0.0,0.0,0.05555555555555555,0.0,0.0
5ae492955542995ad6573daa,comparison,0.5,1.0,1.0,1.0,0.0,1.0,0.5,0.2,1.0,1.0,
5ae54b6355429908b63265cc,comparison,1.0,1.0,1.0,1.0,1.0,1.0,1.0,0.2,1.0,1.0,
5ab959905542996be2020497,bridge,1.0,1.0,1.0,1.0,1.0,1.0,1.0,0.2,1.0,1.0,1.0
5a7ed2c655429930675135e5,bridge,1.0,1.0,1.0,1.0,1.0,1.0,1.0,0.2,1.0,1.0,0.0
5ae4ea2a5542993aec5ec0ee,bridge,0.0,0.0,0.0,0.0,0.0,0.0,0.0,0.0,0.0,0.0,0.0
5add566b5542995b365fab14,bridge,1.0,1.0,1.0,1.0,1.0,1.0,1.0,0.2,1.0,1.0,1.0
5ae320f855429928c4239620,bridge,1.0,1.0,1.0,1.0,1.0,1.0,1.0,0.2,1.0,1.0,1.0
5ae2ce505542996483e64a72,bridge,0.5,0.5,0.5,0.5,0.0,0.0,0.5,0.1,1.0,0.0,0.0
5a89007355429938390d4026,bridge,0.5,1.0,1.0,1.0,0.0,1.0,0.5,0.2,0.5,1.0,0.0
5ae5415055429908b63265b7,bridge,0.5,1.0,1.0,1.0,0.0,1.0,0.5,0.2,1.0,1.0,0.0
5a8763475542996e4f3087c0,bridge,0.0,0.0,0.0,1.0,0.0,0.0,0.0,0.0,0.08333333333333333,0.0,0.0
5a7e1b7155429965cec5ea6c,bridge,1.0,1.0,1.0,1.0,1.0,1.0,1.0,0.2,1.0,1.0,1.0
5ae0f2bf5542997b2ef7d09e,comparison,0.5,1.0,1.0,1.0,0.0,1.0,0.5,0.2,0.5,1.0,
5ac473e4554299204fd21f54,comparison,0.5,0.5,1.0,1.0,0.0,1.0,0.5,0.2,0.5,1.0,
5a77e9c055429949eeb29fa6,bridge,1.0,1.0,1.0,1.0,1.0,1.0,1.0,0.2,1.0,1.0,1.0
5a8cea40554299441c6b9f76,comparison,1.0,1.0,1.0,1.0,1.0,1.0,1.0,0.2,1.0,1.0,
5ac02d345542992a796decc0,bridge,0.5,0.5,1.0,1.0,0.0,1.0,0.5,0.2,1.0,1.0,0.0
5a77309d55429972597f1487,comparison,1.0,1.0,1.0,1.0,1.0,1.0,1.0,0.2,1.0,1.0,
5abc436f5542993a06baf8c3,bridge,0.5,0.5,0.5,0.5,0.0,0.0,0.5,0.1,1.0,0.0,0.0
5ac2acff55429921a00ab02b,bridge,0.5,1.0,1.0,1.0,0.0,1.0,0.5,0.2,1.0,1.0,1.0
5ae52ba755429908b6326538,bridge,0.0,0.5,0.5,1.0,0.0,0.0,0.0,0.1,0.2,0.0,0.0
5a7aa5e75542992d025e66d9,bridge,1.0,1.0,1.0,1.0,1.0,1.0,1.0,0.2,1.0,1.0,1.0
5a89a82c5542993b751ca973,comparison,0.5,1.0,1.0,1.0,0.0,1.0,0.5,0.2,1.0,1.0,
5ac2cfab554299657fa29079,bridge,0.5,1.0,1.0,1.0,0.0,1.0,0.5,0.2,1.0,1.0,1.0
5adc6e035542994650320cec,bridge,0.5,1.0,1.0,1.0,0.0,1.0,0.5,0.2,1.0,1.0,0.0
5aba71b155429955dce3ee2a,bridge,0.5,0.5,0.5,1.0,0.0,0.0,0.5,0.1,1.0,0.0,0.0
5a84bbb35542991dd0999dc0,bridge,0.0,0.5,1.0,1.0,0.0,1.0,0.0,0.2,0.2,1.0,1.0
5ab21c3b554299722f9b4cb4,bridge,1.0,1.0,1.0,1.0,1.0,1.0,1.0,0.2,1.0,1.0,1.0
5a7e3c6e5542994959419937,bridge,0.5,1.0,1.0,1.0,0.0,1.0,0.5,0.2,0.5,1.0,0.0
5a85fb5e5542994775f606df,bridge,1.0,1.0,1.0,1.0,1.0,1.0,1.0,0.2,1.0,1.0,0.0
5ae138d855429920d523432d,bridge,1.0,1.0,1.0,1.0,1.0,1.0,1.0,0.2,1.0,1.0,1.0
5a7ce7b755429909bec76872,bridge,0.5,0.5,0.5,1.0,0.0,0.0,0.5,0.1,1.0,0.0,0.0
5adce36e5542990d50227d55,bridge,0.5,1.0,1.0,1.0,0.0,1.0,0.5,0.2,1.0,1.0,0.0
5a7cf3d655429909bec768bf,comparison,1.0,1.0,1.0,1.0,1.0,1.0,1.0,0.2,1.0,1.0,
5ae26c435542994d89d5b420,bridge,0.5,1.0,1.0,1.0,0.0,1.0,0.5,0.2,1.0,1.0,1.0
5a7a59d15542996c55b2dd67,bridge,0.5,1.0,1.0,1.0,0.0,1.0,0.5,0.2,1.0,1.0,1.0
5a88a6975542994846c1cea4,bridge,0.5,0.5,1.0,1.0,0.0,1.0,0.5,0.2,1.0,1.0,0.0
5ae305355542992decbdcdc2,bridge,0.0,0.5,1.0,1.0,0.0,1.0,0.0,0.2,0.2,1.0,1.0
5ae7eed8554299540e5a56b5,bridge,1.0,1.0,1.0,1.0,1.0,1.0,1.0,0.2,1.0,1.0,1.0
5ae18d615542997283cd2229,bridge,0.0,0.0,0.5,0.5,0.0,0.0,0.0,0.1,0.125,0.0,0.0
5ae25ed15542992decbdccd2,comparison,1.0,1.0,1.0,1.0,1.0,1.0,1.0,0.2,1.0,1.0,
5a7758895542994aec3b729c,comparison,0.0,0.5,0.5,1.0,0.0,0.0,0.0,0.1,0.3333333333333333,0.0,
5ae6e36155429908198fa6d3,bridge,1.0,1.0,1.0,1.0,1.0,1.0,1.0,0.2,1.0,1.0,1.0
5ade02d05542997545bbbe0d,bridge,1.0,1.0,1.0,1.0,1.0,1.0,1.0,0.2,1.0,1.0,1.0
5a8b452655429971feec468e,bridge,0.5,0.5,0.5,1.0,0.0,0.0,0.5,0.1,1.0,0.0,0.0
5a7354e35542994cef4bc55b,bridge,0.5,0.5,1.0,1.0,0.0,1.0,0.5,0.2,0.5,1.0,0.0
5ae4083755429970de88d885,bridge,0.0,0.0,0.5,1.0,0.0,0.0,0.0,0.1,0.16666666666666666,1.0,0.0
5a7b4073554299042af8f733,bridge,0.0,0.0,0.0,0.0,0.0,0.0,0.0,0.0,0.0,0.0,0.0
5a8c6ebd5542996e8ac88aa9,bridge,0.5,0.5,0.5,1.0,0.0,0.0,0.5,0.1,1.0,0.0,0.0
5adcd9fe5542990d50227d46,comparison,1.0,1.0,1.0,1.0,1.0,1.0,1.0,0.2,1.0,1.0,
5ae361d15542990afbd1e126,bridge,0.5,1.0,1.0,1.0,0.0,1.0,0.5,0.2,1.0,1.0,1.0
5a8a39b355429930ff3c0d13,bridge,0.0,0.5,1.0,1.0,0.0,1.0,0.0,0.2,0.3333333333333333,1.0,1.0
5ae3fd2c5542995dadf2428f,comparison,1.0,1.0,1.0,1.0,1.0,1.0,1.0,0.2,1.0,1.0,
5a7d22dc5542995ed0d16600,bridge,0.5,0.5,0.5,1.0,0.0,0.0,0.5,0.1,0.5,1.0,1.0
5ab2d9f1554299545a2cfac9,bridge,0.0,0.0,0.5,0.5,0.0,0.0,0.0,0.1,0.16666666666666666,0.0,0.0
5adccdab5542994d58a2f6db,bridge,0.0,0.5,1.0,1.0,0.0,1.0,0.0,0.2,0.2,1.0,0.0
5ab55455554299488d4d993b,bridge,0.5,1.0,1.0,1.0,0.0,1.0,0.5,0.2,1.0,1.0,0.0
5ae628f55542995703ce8b32,bridge,1.0,1.0,1.0,1.0,1.0,1.0,1.0,0.2,1.0,1.0,1.0
5a7a103b5542990783324e27,bridge,0.0,0.0,0.0,1.0,0.0,0.0,0.0,0.0,0.08333333333333333,0.0,0.0
5ae31ee75542992decbdcdde,bridge,1.0,1.0,1.0,1.0,1.0,1.0,1.0,0.2,1.0,1.0,1.0
5adf3e835542993a75d26442,bridge,0.0,0.0,0.5,1.0,0.0,0.0,0.0,0.1,0.14285714285714285,1.0,0.0
5a7cef6955429909bec768ad,bridge,0.5,1.0,1.0,1.0,0.0,1.0,0.5,0.2,1.0,1.0,0.0
5a78d38455429970f5fffd94,bridge,0.5,0.5,0.5,0.5,0.0,0.0,0.5,0.1,1.0,0.0,0.0
5a8fa89c55429918e830d29f,bridge,0.5,0.5,0.5,0.5,0.0,0.0,0.5,0.1,1.0,0.0,0.0
5ae73ddb554299572ea5478d,bridge,1.0,1.0,1.0,1.0,1.0,1.0,1.0,0.2,1.0,1.0,1.0
5a77a15b5542995d83181226,bridge,1.0,1.0,1.0,1.0,1.0,1.0,1.0,0.2,1.0,1.0,1.0
5a9064d05542990a9849360f,bridge,0.0,0.0,0.5,0.5,0.0,0.0,0.0,0.1,0.1111111111111111,0.0,0.0
5a7332935542991f9a20c67d,comparison,1.0,1.0,1.0,1.0,1.0,1.0,1.0,0.2,1.0,1.0,
5a840e395542992ef85e239d,comparison,0.5,0.5,1.0,1.0,0.0,1.0,0.5,0.2,1.0,1.0,
5ae3eabc5542995dadf2424f,bridge,1.0,1.0,1.0,1.0,1.0,1.0,1.0,0.2,1.0,1.0,1.0
5adce3b95542990d50227d56,comparison,1.0,1.0,1.0,1.0,1.0,1.0,1.0,0.2,1.0,1.0,
5abface75542990832d3a196,bridge,0.5,0.5,0.5,1.0,0.0,0.0,0.5,0.1,1.0,0.0,0.0
5a8a3a355542996c9b8d5e5e,bridge,1.0,1.0,1.0,1.0,1.0,1.0,1.0,0.2,1.0,1.0,0.0
5a8af3b155429950cd6afc2c,bridge,1.0,1.0,1.0,1.0,1.0,1.0,1.0,0.2,1.0,1.0,1.0
5ab3fa095542992ade7c6f0a,bridge,1.0,1.0,1.0,1.0,1.0,1.0,1.0,0.2,1.0,1.0,1.0
5a7182b65542994082a3e85b,bridge,0.5,0.5,0.5,0.5,0.0,0.0,0.5,0.1,1.0,0.0,0.0
5abcf84d55429959677d6b86,bridge,0.5,1.0,1.0,1.0,0.0,1.0,0.5,0.2,1.0,1.0,1.0
5ab9df1f554299232ef4a239,bridge,1.0,1.0,1.0,1.0,1.0,1.0,1.0,0.2,1.0,1.0,1.0
5ae7945d5542997b22f6a7ba,bridge,0.5,0.5,0.5,0.5,0.0,0.0,0.5,0.1,1.0,0.0,0.0
5a8c4ebf554299585d9e365d,bridge,1.0,1.0,1.0,1.0,1.0,1.0,1.0,0.2,1.0,1.0,1.0
5a80abb65542996402f6a5df,bridge,0.0,0.0,0.5,1.0,0.0,0.0,0.0,0.1,0.1,0.0,0.0
5abefa5b5542997ec76fd3a3,bridge,0.5,0.5,0.5,1.0,0.0,0.0,0.5,0.1,0.5,1.0,0.0
5a7e4af3554299495941998c,bridge,0.5,0.5,1.0,1.0,0.0,1.0,0.5,0.2,1.0,1.0,1.0
5ac009bf5542997d642959a7,bridge,0.0,0.0,1.0,1.0,0.0,1.0,0.0,0.2,0.16666666666666666,1.0,0.0
5ab587ad5542992aa134a34b,bridge,0.5,0.5,0.5,0.5,0.0,0.0,0.5,0.1,1.0,0.0,0.0
5ab8736455429916710eb058,comparison,1.0,1.0,1.0,1.0,1.0,1.0,1.0,0.2,1.0,1.0,
5a7d052255429909bec768fd,bridge,0.5,1.0,1.0,1.0,0.0,1.0,0.5,0.2,1.0,1.0,0.0
5a7d6a2d5542991319bc93c6,bridge,1.0,1.0,1.0,1.0,1.0,1.0,1.0,0.2,1.0,1.0,1.0
5a90843c5542995651fb517e,bridge,1.0,1.0,1.0,1.0,1.0,1.0,1.0,0.2,1.0,1.0,1.0
5a79f04d5542996c55b2dca7,comparison,1.0,1.0,1.0,1.0,1.0,1.0,1.0,0.2,1.0,1.0,
5a88f2cc55429938390d3ffb,bridge,0.5,0.5,0.5,1.0,0.0,0.0,0.5,0.1,1.0,0.0,0.0
5a77474855429972597f14e4,comparison,0.0,0.5,0.5,1.0,0.0,0.0,0.0,0.1,0.3333333333333333,0.0,
5ab5f75e554299637185c64b,comparison,1.0,1.0,1.0,1.0,1.0,1.0,1.0,0.2,1.0,1.0,
5a825f2155429954d2e2eb1b,bridge,0.5,0.5,1.0,1.0,0.0,1.0,0.5,0.2,1.0,1.0,0.0
5a90b3c65542990a984936b7,bridge,0.5,0.5,0.5,0.5,0.0,0.0,0.5,0.1,1.0,0.0,0.0
5a7b681b554299042af8f767,bridge,0.5,0.5,0.5,1.0,0.0,0.0,0.5,0.1,1.0,0.0,0.0
5a86f13c554299211dda2b5e,bridge,0.5,0.5,1.0,1.0,0.0,1.0,0.5,0.2,1.0,1.0,0.0
5abcf1ce554299700f9d7930,bridge,0.5,0.5,0.5,1.0,0.0,0.0,0.5,0.1,1.0,0.0,0.0
5ae364285542991a06ce99b3,bridge,0.5,0.5,0.5,1.0,0.0,0.0,0.5,0.1,1.0,1.0,0.0
5ac1b1345542994ab5c67dd0,bridge,1.0,1.0,1.0,1.0,1.0,1.0,1.0,0.2,1.0,1.0,1.0
5ae7ba7a5542993210983f12,bridge,0.0,0.0,0.0,1.0,0.0,0.0,0.0,0.0,0.07692307692307693,0.0,0.0
5ac3c10a554299204fd21e33,bridge,1.0,1.0,1.0,1.0,1.0,1.0,1.0,0.2,1.0,1.0,1.0
5a90997b5542995651fb51af,bridge,0.5,0.5,0.5,1.0,0.0,0.0,0.5,0.1,0.5,1.0,1.0
5a87964c5542996e4f30885f,bridge,0.0,0.0,0.0,0.5,0.0,0.0,0.0,0.0,0.05,0.0,0.0
5adf33a05542993344016c22,bridge,0.0,0.0,0.0,0.5,0.0,0.0,0.0,0.0,0.09090909090909091,0.0,0.0
5a71446b5542994082a3e72a,bridge,0.0,0.0,0.0,1.0,0.0,0.0,0.0,0.0,0.09090909090909091,0.0,0.0
5a8bde565542995d1e6f1454,comparison,0.5,0.5,1.0,1.0,0.0,1.0,0.5,0.2,1.0,1.0,
5ae267a35542992decbdccee,bridge,1.0,1.0,1.0,1.0,1.0,1.0,1.0,0.2,1.0,1.0,1.0
5a7131565542994082a3e64f,bridge,0.5,0.5,0.5,1.0,0.0,0.0,0.5,0.1,1.0,0.0,0.0
5ac005a15542997719eab6fc,comparison,1.0,1.0,1.0,1.0,1.0,1.0,1.0,0.2,1.0,1.0,
5ab6c63755429953192ad38b,bridge,0.5,0.5,0.5,1.0,0.0,0.0,0.5,0.1,1.0,0.0,0.0
5a798f8c5542994bb9457023,bridge,0.0,0.0,0.0,1.0,0.0,0.0,0.0,0.0,0.07692307692307693,0.0,0.0
5a8466a75542993344746108,bridge,0.0,0.5,0.5,0.5,0.0,0.0,0.0,0.1,0.25,0.0,0.0
5ae63cc55542992ae0d16298,bridge,1.0,1.0,1.0,1.0,1.0,1.0,1.0,0.2,1.0,1.0,1.0
5ab250b9554299722f9b4cd9,bridge,1.0,1.0,1.0,1.0,1.0,1.0,1.0,0.2,1.0,1.0,1.0
5abeab375542990832d3a091,bridge,1.0,1.0,1.0,1.0,1.0,1.0,1.0,0.2,1.0,1.0,1.0
5adcaa7f5542990d50227cdb,bridge,1.0,1.0,1.0,1.0,1.0,1.0,1.0,0.2,1.0,1.0,1.0
5ac1b95655429963665198fd,bridge,1.0,1.0,1.0,1.0,1.0,1.0,1.0,0.2,1.0,1.0,1.0
5adbe2c65542996e68525274,bridge,1.0,1.0,1.0,1.0,1.0,1.0,1.0,0.2,1.0,1.0,1.0
5a7933b255429907847277eb,comparison,0.0,1.0,1.0,1.0,0.0,1.0,0.0,0.2,0.3333333333333333,1.0,
5ae21154554299495565d9d4,comparison,0.5,0.5,1.0,1.0,0.0,1.0,0.5,0.2,1.0,1.0,
5a8fb3af5542997ba9cb32ee,comparison,1.0,1.0,1.0,1.0,1.0,1.0,1.0,0.2,1.0,1.0,
5ab680d15542995eadef0011,comparison,1.0,1.0,1.0,1.0,1.0,1.0,1.0,0.2,1.0,1.0,
5adff1a255429925eb1afb5e,bridge,1.0,1.0,1.0,1.0,1.0,1.0,1.0,0.2,1.0,1.0,1.0
5adc57325542996e6852531b,bridge,0.5,1.0,1.0,1.0,0.0,1.0,0.5,0.2,1.0,1.0,1.0
5a72fc865542991f9a20c5e9,bridge,1.0,1.0,1.0,1.0,1.0,1.0,1.0,0.2,1.0,1.0,1.0
5a7c22bb554299683c1c62d3,comparison,1.0,1.0,1.0,1.0,1.0,1.0,1.0,0.2,1.0,1.0,
5a72f74a55429901807daf59,bridge,0.5,0.5,1.0,1.0,0.0,1.0,0.5,0.2,1.0,1.0,1.0
5ae69fa755429908198fa66c,bridge,0.5,0.5,0.5,0.5,0.0,0.0,0.5,0.1,1.0,0.0,0.0
5abe36aa5542993f32c2a08f,comparison,0.5,1.0,1.0,1.0,0.0,1.0,0.5,0.2,0.5,1.0,
5ae0850055429945ae959396,bridge,0.5,1.0,1.0,1.0,0.0,1.0,0.5,0.2,0.5,1.0,0.0
5ae7882b554299540e5a55dd,bridge,0.0,0.0,1.0,1.0,0.0,1.0,0.0,0.2,0.125,1.0,1.0
5ab90d8955429916710eb0f1,bridge,1.0,1.0,1.0,1.0,1.0,1.0,1.0,0.2,1.0,1.0,1.0
5a722a6855429971e9dc9320,bridge,1.0,1.0,1.0,1.0,1.0,1.0,1.0,0.2,1.0,1.0,1.0
5abd245555429924427fcf0f,bridge,0.5,0.5,0.5,0.5,0.0,0.0,0.5,0.1,0.5,0.0,0.0
5a8c6d4e5542996e8ac88aa6,comparison,1.0,1.0,1.0,1.0,1.0,1.0,1.0,0.2,1.0,1.0,
5a7c220b5542990527d5545c,bridge,0.5,0.5,0.5,1.0,0.0,0.0,0.5,0.1,1.0,0.0,0.0
5adf1b8a5542995534e8c750,bridge,1.0,1.0,1.0,1.0,1.0,1.0,1.0,0.2,1.0,1.0,1.0
5ae608f2554299546bf83026,bridge,0.0,0.5,0.5,1.0,0.0,0.0,0.0,0.1,0.3333333333333333,0.0,0.0
5a7717635542994aec3b71e3,bridge,0.0,0.0,0.0,0.5,0.0,0.0,0.0,0.0,0.09090909090909091,0.0,0.0
5a8a59c955429930ff3c0da6,bridge,1.0,1.0,1.0,1.0,1.0,1.0,1.0,0.2,1.0,1.0,1.0
5ab5ee055542997d4ad1f259,bridge,0.5,0.5,0.5,1.0,0.0,0.0,0.5,0.1,1.0,0.0,0.0
5adea95055429939a52fe931,bridge,1.0,1.0,1.0,1.0,1.0,1.0,1.0,0.2,1.0,1.0,1.0
5a77c6e05542995d831812c7,bridge,1.0,1.0,1.0,1.0,1.0,1.0,1.0,0.2,1.0,1.0,1.0
5adf03765542995534e8c72b,bridge,0.5,0.5,0.5,1.0,0.0,0.0,0.5,0.1,1.0,1.0,0.0
5a83b1e75542990548d0b220,comparison,0.0,1.0,1.0,1.0,0.0,1.0,0.0,0.2,0.25,1.0,
5a79ad485542994bb9457036,bridge,1.0,1.0,1.0,1.0,1.0,1.0,1.0,0.2,1.0,1.0,1.0
5a8ac4dd5542992d82986f76,bridge,1.0,1.0,1.0,1.0,1.0,1.0,1.0,0.2,1.0,1.0,1.0
5ae0038655429925eb1afbe0,comparison,1.0,1.0,1.0,1.0,1.0,1.0,1.0,0.2,1.0,1.0,
5ae383e15542992f92d822fb,comparison,1.0,1.0,1.0,1.0,1.0,1.0,1.0,0.2,1.0,1.0,
5a888b8e5542997e5c09a60a,bridge,0.5,0.5,1.0,1.0,0.0,1.0,0.5,0.2,1.0,1.0,0.0
5add1d435542990d50227de8,bridge,0.5,1.0,1.0,1.0,0.0,1.0,0.5,0.2,1.0,1.0,1.0
5ac406c155429919431738fc,comparison,0.5,1.0,1.0,1.0,0.0,1.0,0.5,0.2,1.0,1.0,
5ac3d4b6554299204fd21e93,comparison,1.0,1.0,1.0,1.0,1.0,1.0,1.0,0.2,1.0,1.0,
5a7b88b45542997c3ec97201,bridge,1.0,1.0,1.0,1.0,1.0,1.0,1.0,0.2,1.0,1.0,1.0
5a8841195542994846c1ce65,bridge,0.0,0.0,1.0,1.0,0.0,1.0,0.0,0.2,0.16666666666666666,1.0,0.0
5a77137455429972597f142a,bridge,1.0,1.0,1.0,1.0,1.0,1.0,1.0,0.2,1.0,1.0,0.0
5a849c135542992a431d1a7a,bridge,0.0,0.5,1.0,1.0,0.0,1.0,0.0,0.2,0.2,1.0,0.0
5a729e7b5542992359bc313d,bridge,0.5,1.0,1.0,1.0,0.0,1.0,0.5,0.2,1.0,1.0,1.0
5a78f05155429970f5fffde3,bridge,0.0,0.0,0.5,0.5,0.0,0.0,0.0,0.1,0.14285714285714285,0.0,0.0
5a790364554299029c4b5ee6,bridge,1.0,1.0,1.0,1.0,1.0,1.0,1.0,0.2,1.0,1.0,1.0
5ab64285554299637185c67c,bridge,0.5,1.0,1.0,1.0,0.0,1.0,0.5,0.2,1.0,1.0,0.0
5ac258cc554299636651998e,bridge,1.0,1.0,1.0,1.0,1.0,1.0,1.0,0.2,1.0,1.0,1.0
5a876cd55542993e715abf36,bridge,0.0,0.0,0.0,0.5,0.0,0.0,0.0,0.0,0.09090909090909091,0.0,0.0
5a73f2035542993a88ae2ea8,bridge,0.5,1.0,1.0,1.0,0.0,1.0,0.5,0.2,0.5,1.0,0.0
5ac2927b5542996366519a17,comparison,1.0,1.0,1.0,1.0,1.0,1.0,1.0,0.2,1.0,1.0,
5a8ec7cc5542995a26add518,comparison,1.0,1.0,1.0,1.0,1.0,1.0,1.0,0.2,1.0,1.0,
5ade04d75542997dc7907125,bridge,0.0,0.5,0.5,1.0,0.0,0.0,0.0,0.1,0.3333333333333333,0.0,0.0
5a7f46115542994857a766d9,bridge,1.0,1.0,1.0,1.0,1.0,1.0,1.0,0.2,1.0,1.0,1.0
5a81ea115542995ce29dcc78,bridge,1.0,1.0,1.0,1.0,1.0,1.0,1.0,0.2,1.0,1.0,1.0
5a7e37095542995ed0d166d5,comparison,1.0,1.0,1.0,1.0,1.0,1.0,1.0,0.2,1.0,1.0,
5ab27389554299722f9b4d2f,bridge,0.5,0.5,0.5,0.5,0.0,0.0,0.5,0.1,1.0,0.0,0.0
5ab6c47e55429954757d3368,bridge,1.0,1.0,1.0,1.0,1.0,1.0,1.0,0.2,1.0,1.0,1.0
5a7183575542994082a3e85e,bridge,0.5,0.5,1.0,1.0,0.0,1.0,0.5,0.2,1.0,1.0,0.0
5a7a567255429941d65f25bd,bridge,1.0,1.0,1.0,1.0,1.0,1.0,1.0,0.2,1.0,1.0,1.0
5a83335f5542996488c2e3ec,comparison,1.0,1.0,1.0,1.0,1.0,1.0,1.0,0.2,1.0,1.0,
5ae72e5d5542991e8301cba8,bridge,1.0,1.0,1.0,1.0,1.0,1.0,1.0,0.2,1.0,1.0,1.0
5ade636255429939a52fe896,bridge,0.5,1.0,1.0,1.0,0.0,1.0,0.5,0.2,1.0,1.0,1.0
5a81ee385542995ce29dcc88,bridge,1.0,1.0,1.0,1.0,1.0,1.0,1.0,0.2,1.0,1.0,1.0
5a734bb65542994cef4bc50f,bridge,1.0,1.0,1.0,1.0,1.0,1.0,1.0,0.2,1.0,1.0,1.0
5a7f6f4b5542994857a76740,bridge,0.0,0.0,0.0,1.0,0.0,0.0,0.0,0.0,0.08333333333333333,0.0,0.0
5a7de14a5542991319bc93fc,bridge,1.0,1.0,1.0,1.0,1.0,1.0,1.0,0.2,1.0,1.0,1.0
5a8c743e5542996e8ac88ab3,bridge,1.0,1.0,1.0,1.0,1.0,1.0,1.0,0.2,1.0,1.0,1.0
5a80aeef5542992097ad301a,bridge,0.0,0.0,0.5,1.0,0.0,0.0,0.0,0.1,0.16666666666666666,0.0,1.0
5a84bc5b5542991dd0999dc3,bridge,1.0,1.0,1.0,1.0,1.0,1.0,1.0,0.2,1.0,1.0,1.0
5abbd4035542993f40c73bcb,bridge,1.0,1.0,1.0,1.0,1.0,1.0,1.0,0.2,1.0,1.0,1.0
5ae692e35542996d980e7c0e,bridge,1.0,1.0,1.0,1.0,1.0,1.0,1.0,0.2,1.0,1.0,1.0
5abc9fb055429959677d6ac9,bridge,1.0,1.0,1.0,1.0,1.0,1.0,1.0,0.2,1.0,1.0,1.0
5a78bc6b554299148911f979,comparison,0.5,1.0,1.0,1.0,0.0,1.0,0.5,0.2,1.0,1.0,
5abfa0285542990832d3a171,comparison,0.5,1.0,1.0,1.0,0.0,1.0,0.5,0.2,0.5,1.0,
5a74b4e555429929fddd84c2,comparison,1.0,1.0,1.0,1.0,1.0,1.0,1.0,0.2,1.0,1.0,
5a7b68a75542997c3ec97153,bridge,1.0,1.0,1.0,1.0,1.0,1.0,1.0,0.2,1.0,1.0,1.0
5a7a6c1a5542994f819ef1d5,bridge,0.0,0.0,0.5,0.5,0.0,0.0,0.0,0.1,0.1111111111111111,0.0,0.0
5a7da9ae5542995f4f4022b1,comparison,1.0,1.0,1.0,1.0,1.0,1.0,1.0,0.2,1.0,1.0,
5addd41b5542990dbb2f7e94,bridge,1.0,1.0,1.0,1.0,1.0,1.0,1.0,0.2,1.0,1.0,1.0
5ab487765542990594ba9c4e,bridge,0.5,0.5,0.5,0.5,0.0,0.0,0.5,0.1,1.0,0.0,0.0
5a7cef5d55429909bec768ac,bridge,0.5,1.0,1.0,1.0,0.0,1.0,0.5,0.2,1.0,1.0,1.0
5ab7948b5542995dae37e969,comparison,1.0,1.0,1.0,1.0,1.0,1.0,1.0,0.2,1.0,1.0,
5a80b35c5542992bc0c4a7b8,bridge,1.0,1.0,1.0,1.0,1.0,1.0,1.0,0.2,1.0,1.0,1.0
5ae5b301554299546bf82f2d,bridge,0.5,0.5,1.0,1.0,0.0,1.0,0.5,0.2,1.0,1.0,1.0
5ab52a255542996a3a96a048,bridge,0.0,0.0,0.0,0.5,0.0,0.0,0.0,0.0,0.05555555555555555,0.0,0.0
5a8763a25542993e715abf1f,bridge,0.0,0.0,0.0,0.5,0.0,0.0,0.0,0.0,0.0625,0.0,0.0
5ae1d4e75542997f29b3c143,bridge,0.0,0.0,0.0,0.5,0.0,0.0,0.0,0.0,0.08333333333333333,0.0,0.0
5abbf9b355429931dba145fe,bridge,1.0,1.0,1.0,1.0,1.0,1.0,1.0,0.2,1.0,1.0,1.0
5ac373195542995ef918c199,bridge,1.0,1.0,1.0,1.0,1.0,1.0,1.0,0.2,1.0,1.0,1.0
5a7e43c9554299495941995a,bridge,1.0,1.0,1.0,1.0,1.0,1.0,1.0,0.2,1.0,1.0,1.0
5abd0097554299700f9d7956,bridge,0.0,0.0,0.0,0.5,0.0,0.0,0.0,0.0,0.05263157894736842,0.0,0.0
5a8787915542996e4f30882e,comparison,1.0,1.0,1.0,1.0,1.0,1.0,1.0,0.2,1.0,1.0,
5adf33965542993344016c20,bridge,1.0,1.0,1.0,1.0,1.0,1.0,1.0,0.2,1.0,1.0,1.0
5ab281f45542993be8fa9938,bridge,0.5,0.5,1.0,1.0,0.0,1.0,0.5,0.2,1.0,1.0,0.0
5a7563a45542996c70cfaeec,bridge,0.5,1.0,1.0,1.0,0.0,1.0,0.5,0.2,1.0,1.0,1.0
5a716eeb5542994082a3e82e,bridge,1.0,1.0,1.0,1.0,1.0,1.0,1.0,0.2,1.0,1.0,1.0
5ae1467a554299422ee99659,bridge,1.0,1.0,1.0,1.0,1.0,1.0,1.0,0.2,1.0,1.0,1.0
5abdd0f15542991f6610604d,bridge,1.0,1.0,1.0,1.0,1.0,1.0,1.0,0.2,1.0,1.0,1.0
5a7283355542991f9a20c4b1,bridge,0.0,0.5,0.5,1.0,0.0,0.0,0.0,0.1,0.2,0.0,0.0
5a74b4dc55429979e2882a00,bridge,0.0,0.0,0.0,0.0,0.0,0.0,0.0,0.0,0.0,0.0,0.0
5a77cb335542997042120b3a,bridge,0.5,1.0,1.0,1.0,0.0,1.0,0.5,0.2,1.0,1.0,1.0
5ab9ba6855429970cfb8eb87,bridge,0.5,0.5,0.5,1.0,0.0,0.0,0.5,0.1,1.0,1.0,0.0
5a8ec4875542995a26add508,bridge,1.0,1.0,1.0,1.0,1.0,1.0,1.0,0.2,1.0,1.0,1.0
5ab7c1a955429928e1fe38c8,bridge,0.5,1.0,1.0,1.0,0.0,1.0,0.5,0.2,0.5,1.0,0.0
5a7184675542994082a3e864,bridge,1.0,1.0,1.0,1.0,1.0,1.0,1.0,0.2,1.0,1.0,1.0
5add889b5542997545bbbd68,bridge,0.0,0.0,0.0,0.5,0.0,0.0,0.0,0.0,0.07692307692307693,0.0,0.0
5a8b82a05542995d1e6f13d0,comparison,1.0,1.0,1.0,1.0,1.0,1.0,1.0,0.2,1.0,1.0,
5ae09ce855429924de1b7113,bridge,0.0,0.0,0.0,0.0,0.0,0.0,0.0,0.0,0.0,0.0,0.0
5ac324ad5542995ef918c127,bridge,0.0,0.5,0.5,0.5,0.0,0.0,0.0,0.1,0.25,0.0,0.0
5ab428915542991751b4d6b2,bridge,0.0,0.0,0.0,0.5,0.0,0.0,0.0,0.0,0.08333333333333333,0.0,0.0
5a85d4395542996432c570f5,bridge,1.0,1.0,1.0,1.0,1.0,1.0,1.0,0.2,1.0,1.0,1.0
5ae7eefd554299540e5a56b6,bridge,1.0,1.0,1.0,1.0,1.0,1.0,1.0,0.2,1.0,1.0,1.0
5adf73a45542992d7e9f9378,bridge,1.0,1.0,1.0,1.0,1.0,1.0,1.0,0.2,1.0,1.0,0.0
5ab34a76554299233954ff3f,bridge,0.0,0.0,0.0,0.5,0.0,0.0,0.0,0.0,0.08333333333333333,0.0,0.0
5a728dc65542992359bc30ef,bridge,1.0,1.0,1.0,1.0,1.0,1.0,1.0,0.2,1.0,1.0,1.0
5ade9c2155429939a52fe8fe,bridge,1.0,1.0,1.0,1.0,1.0,1.0,1.0,0.2,1.0,1.0,1.0
5a776bd155429966f1a36d3b,comparison,0.5,1.0,1.0,1.0,0.0,1.0,0.5,0.2,0.5,1.0,
5adbdc8a55429944faac238e,bridge,0.0,0.0,0.0,0.5,0.0,0.0,0.0,0.0,0.09090909090909091,0.0,0.0
5a8484495542997175ce1ee8,bridge,0.5,0.5,0.5,0.5,0.0,0.0,0.5,0.1,1.0,0.0,0.0
5ac19eb35542994ab5c67da3,bridge,1.0,1.0,1.0,1.0,1.0,1.0,1.0,0.2,1.0,1.0,1.0
5a7631cd5542994ccc91870c,bridge,0.5,0.5,0.5,0.5,0.0,0.0,0.5,0.1,1.0,0.0,0.0
5a7da0915542990b8f5039d4,bridge,0.5,1.0,1.0,1.0,0.0,1.0,0.5,0.2,1.0,1.0,1.0
5ae361dc5542992f92d822aa,bridge,1.0,1.0,1.0,1.0,1.0,1.0,1.0,0.2,1.0,1.0,1.0
5ab98e2b5542996be202054e,bridge,1.0,1.0,1.0,1.0,1.0,1.0,1.0,0.2,1.0,1.0,1.0
5a75e7b255429976ec32bc95,comparison,1.0,1.0,1.0,1.0,1.0,1.0,1.0,0.2,1.0,1.0,
5a7380e055429908901be2d6,comparison,1.0,1.0,1.0,1.0,1.0,1.0,1.0,0.2,1.0,1.0,
5ab938db5542996be2020454,bridge,0.5,1.0,1.0,1.0,0.0,1.0,0.5,0.2,0.5,1.0,1.0
5ab1d983554299340b52540a,bridge,0.0,0.0,0.0,1.0,0.0,0.0,0.0,0.0,0.08333333333333333,0.0,0.0
5ac31066554299741d48a19d,bridge,0.0,0.0,0.0,1.0,0.0,0.0,0.0,0.0,0.08333333333333333,0.0,0.0
5adc8cb45542994d58a2f651,bridge,1.0,1.0,1.0,1.0,1.0,1.0,1.0,0.2,1.0,1.0,1.0
5ae063085542993d6555eb37,bridge,0.5,0.5,0.5,0.5,0.0,0.0,0.5,0.1,1.0,0.0,0.0
5ae51fa25542992663a4f11f,bridge,0.5,0.5,0.5,0.5,0.0,0.0,0.5,0.1,1.0,0.0,0.0
5ac51c2855429924173fb5b5,bridge,0.5,1.0,1.0,1.0,0.0,1.0,0.5,0.2,1.0,1.0,1.0
5ac002705542996f0d89cb05,comparison,0.5,0.5,1.0,1.0,0.0,1.0,0.5,0.2,1.0,1.0,
5ac4deff554299076e296e26,comparison,1.0,1.0,1.0,1.0,1.0,1.0,1.0,0.2,1.0,1.0,
5ab809bb5542990e739ec7f9,bridge,0.5,0.5,0.5,1.0,0.0,0.0,0.5,0.1,1.0,0.0,0.0
5a81d6cd55429903bc27b9e0,bridge,0.5,1.0,1.0,1.0,0.0,1.0,0.5,0.2,1.0,1.0,1.0
5ab2c6a955429916697740c2,bridge,1.0,1.0,1.0,1.0,1.0,1.0,1.0,0.2,1.0,1.0,1.0
5a7249b85542990c210a40b9,bridge,0.5,0.5,0.5,1.0,0.0,0.0,0.5,0.1,0.5,0.0,0.0
5ae0ead25542990adbacf6c8,bridge,1.0,1.0,1.0,1.0,1.0,1.0,1.0,0.2,1.0,1.0,0.0
5abb8a9b5542996cc5e4a016,comparison,1.0,1.0,1.0,1.0,1.0,1.0,1.0,0.2,1.0,1.0,
5a808afb5542992bc0c4a76b,comparison,1.0,1.0,1.0,1.0,1.0,1.0,1.0,0.2,1.0,1.0,
5a88a8f4554299206df2b320,comparison,0.5,0.5,1.0,1.0,0.0,1.0,0.5,0.2,0.5,1.0,
5a7d9bc65542990b8f5039cb,bridge,0.0,0.0,0.5,0.5,0.0,0.0,0.0,0.1,0.125,1.0,0.0
5ac3ac1855429939154138ab,comparison,1.0,1.0,1.0,1.0,1.0,1.0,1.0,0.2,1.0,1.0,
5a899b6455429946c8d6e955,bridge,0.0,0.0,0.0,0.5,0.0,0.0,0.0,0.0,0.08333333333333333,0.0,0.0
5abee2df5542994516f4546a,bridge,1.0,1.0,1.0,1.0,1.0,1.0,1.0,0.2,1.0,1.0,1.0
5adf94e05542995534e8c7f7,bridge,1.0,1.0,1.0,1.0,1.0,1.0,1.0,0.2,1.0,1.0,1.0
5a877df15542993e715abf7a,comparison,1.0,1.0,1.0,1.0,1.0,1.0,1.0,0.2,1.0,1.0,
5ab7a1f65542991d3222378f,bridge,1.0,1.0,1.0,1.0,1.0,1.0,1.0,0.2,1.0,1.0,1.0
5ac540365542994611c8b470,bridge,0.5,1.0,1.0,1.0,0.0,1.0,0.5,0.2,1.0,1.0,1.0
5ab6cd0e554299710c8d1f68,bridge,0.0,0.0,0.0,0.5,0.0,0.0,0.0,0.0,0.058823529411764705,0.0,0.0
5a8b63fa55429950cd6afcd7,bridge,1.0,1.0,1.0,1.0,1.0,1.0,1.0,0.2,1.0,1.0,1.0
5a835a265542992ef85e2281,comparison,0.5,0.5,1.0,1.0,0.0,1.0,0.5,0.2,1.0,1.0,
5abc3a65554299700f9d782d,bridge,0.5,1.0,1.0,1.0,0.0,1.0,0.5,0.2,1.0,1.0,1.0
5abda6e955429965af743d9b,bridge,0.5,0.5,0.5,0.5,0.0,0.0,0.5,0.1,1.0,0.0,0.0
5adc0644554299438c868d08,bridge,0.5,1.0,1.0,1.0,0.0,1.0,0.5,0.2,1.0,1.0,1.0
5a7a8d15554299042af8f669,bridge,0.5,0.5,1.0,1.0,0.0,1.0,0.5,0.2,1.0,1.0,0.0
5add870b5542995b365fab3c,bridge,0.5,1.0,1.0,1.0,0.0,1.0,0.5,0.2,1.0,1.0,0.0
5adecc7755429975fa854f9d,bridge,1.0,1.0,1.0,1.0,1.0,1.0,1.0,0.2,1.0,1.0,1.0
5ae3fd595542995dadf24292,bridge,0.5,0.5,0.5,1.0,0.0,0.0,0.5,0.1,1.0,0.0,0.0
5a81d51a55429903bc27b9d2,bridge,0.0,0.0,0.0,0.5,0.0,0.0,0.0,0.0,0.05263157894736842,0.0,0.0
5ae0bae555429906c02dab08,bridge,0.5,0.5,0.5,0.5,0.0,0.0,0.5,0.1,1.0,0.0,0.0
5a80838d5542992bc0c4a745,comparison,1.0,1.0,1.0,1.0,1.0,1.0,1.0,0.2,1.0,1.0,
5adf3a4f5542992d7e9f92ec,comparison,1.0,1.0,1.0,1.0,1.0,1.0,1.0,0.2,1.0,1.0,
5ab465095542991751b4d75a,bridge,1.0,1.0,1.0,1.0,1.0,1.0,1.0,0.2,1.0,1.0,1.0
5abd5a135542992ac4f3829f,bridge,0.5,0.5,0.5,1.0,0.0,0.0,0.5,0.1,1.0,1.0,0.0
5ac1c18855429964131be279,bridge,1.0,1.0,1.0,1.0,1.0,1.0,1.0,0.2,1.0,1.0,1.0
5a80de9b55429938b6142226,bridge,0.5,0.5,0.5,0.5,0.0,0.0,0.5,0.1,1.0,0.0,0.0
5a83c56d5542996488c2e4c3,bridge,0.5,1.0,1.0,1.0,0.0,1.0,0.5,0.2,1.0,1.0,1.0
5ae4eb9255429908b63264ba,bridge,1.0,1.0,1.0,1.0,1.0,1.0,1.0,0.2,1.0,1.0,1.0
5a7cfb2755429907fabef084,bridge,0.0,0.0,0.0,0.5,0.0,0.0,0.0,0.0,0.06666666666666667,0.0,0.0
5a83d42d5542992ef85e2375,bridge,1.0,1.0,1.0,1.0,1.0,1.0,1.0,0.2,1.0,1.0,1.0
5adf98215542993344016d19,bridge,0.5,1.0,1.0,1.0,0.0,1.0,0.5,0.2,1.0,1.0,1.0
5ae713af554299572ea546bb,bridge,1.0,1.0,1.0,1.0,1.0,1.0,1.0,0.2,1.0,1.0,1.0
5ab761d955429928e1fe3856,bridge,1.0,1.0,1.0,1.0,1.0,1.0,1.0,0.2,1.0,1.0,1.0
5a8ba59a554299240d9c2058,bridge,1.0,1.0,1.0,1.0,1.0,1.0,1.0,0.2,1.0,1.0,1.0
5adf3feb5542993a75d2644c,comparison,0.5,1.0,1.0,1.0,0.0,1.0,0.5,0.2,0.5,1.0,
5ae064985542993d6555eb47,comparison,0.5,0.5,0.5,0.5,0.0,0.0,0.5,0.1,0.5,0.0,
5a90d25655429916514e7585,bridge,0.5,0.5,1.0,1.0,0.0,1.0,0.5,0.2,1.0,1.0,0.0
5a7f68365542994857a7672e,comparison,1.0,1.0,1.0,1.0,1.0,1.0,1.0,0.2,1.0,1.0,
5a8f141e55429918e830d181,bridge,1.0,1.0,1.0,1.0,1.0,1.0,1.0,0.2,1.0,1.0,1.0
5ae798ce55429952e35ea995,bridge,0.5,0.5,0.5,0.5,0.0,0.0,0.5,0.1,1.0,0.0,0.0
5a734acf5542991f9a20c6ec,comparison,1.0,1.0,1.0,1.0,1.0,1.0,1.0,0.2,1.0,1.0,
5abbf64055429965836003bc,bridge,0.5,0.5,0.5,0.5,0.0,0.0,0.5,0.1,1.0,0.0,0.0
5a80f793554299260e20a1e1,bridge,0.0,0.0,0.0,0.5,0.0,0.0,0.0,0.0,0.05555555555555555,0.0,0.0
5a886098554299206df2b248,bridge,0.5,0.5,0.5,1.0,0.0,0.0,0.5,0.1,1.0,0.0,0.0
5ae077805542993d6555eb6e,comparison,1.0,1.0,1.0,1.0,1.0,1.0,1.0,0.2,1.0,1.0,
5add56a85542992200553abe,bridge,0.5,0.5,1.0,1.0,0.0,1.0,0.5,0.2,1.0,1.0,0.0
5a7211e655429971e9dc923c,bridge,0.0,1.0,1.0,1.0,0.0,1.0,0.0,0.2,0.25,1.0,0.0
5a8b7cb95542995d1e6f13bb,bridge,0.0,0.0,0.0,0.5,0.0,0.0,0.0,0.0,0.05263157894736842,0.0,0.0
5ac275e755429921a00aaf81,bridge,1.0,1.0,1.0,1.0,1.0,1.0,1.0,0.2,1.0,1.0,1.0
5ae0fe4e554299422ee995a9,bridge,1.0,1.0,1.0,1.0,1.0,1.0,1.0,0.2,1.0,1.0,1.0
5ae7a2e255429952e35ea99e,bridge,0.5,0.5,0.5,1.0,0.0,0.0,0.5,0.1,1.0,1.0,0.0
5a75da235542992db94736f9,bridge,0.5,1.0,1.0,1.0,0.0,1.0,0.5,0.2,0.5,1.0,0.0
5a7f40055542992e7d278cc0,bridge,0.0,0.0,0.0,0.0,0.0,0.0,0.0,0.0,0.0,0.0,0.0
5adcb4ae5542994734353774,bridge,1.0,1.0,1.0,1.0,1.0,1.0,1.0,0.2,1.0,1.0,0.0
5a8013e45542995d8a8ddf41,bridge,0.5,0.5,1.0,1.0,0.0,1.0,0.5,0.2,1.0,1.0,0.0
5ae8027d5542993210984031,bridge,0.5,0.5,0.5,0.5,0.0,0.0,0.5,0.1,1.0,0.0,0.0
5ab90a2055429916710eb0ea,bridge,1.0,1.0,1.0,1.0,1.0,1.0,1.0,0.2,1.0,1.0,1.0
5adf9b1e5542992d7e9f93b5,bridge,1.0,1.0,1.0,1.0,1.0,1.0,1.0,0.2,1.0,1.0,1.0
5a77beae5542992a6e59dfae,bridge,1.0,1.0,1.0,1.0,1.0,1.0,1.0,0.2,1.0,1.0,1.0
5a71166d5542994082a3e576,comparison,0.5,1.0,1.0,1.0,0.0,1.0,0.5,0.2,0.5,1.0,
5ac26d4d55429951e9e685b7,bridge,1.0,1.0,1.0,1.0,1.0,1.0,1.0,0.2,1.0,1.0,0.0
5ab941c2554299743d22ea88,bridge,1.0,1.0,1.0,1.0,1.0,1.0,1.0,0.2,1.0,1.0,0.0
5a80e47d55429938b6142238,comparison,1.0,1.0,1.0,1.0,1.0,1.0,1.0,0.2,1.0,1.0,
5ab2da13554299194fa93542,bridge,0.5,0.5,0.5,0.5,0.0,0.0,0.5,0.1,1.0,0.0,0.0
5abbd5a75542993f40c73bd3,bridge,1.0,1.0,1.0,1.0,1.0,1.0,1.0,0.2,1.0,1.0,1.0
5a70f4695542994082a3e435,comparison,1.0,1.0,1.0,1.0,1.0,1.0,1.0,0.2,1.0,1.0,
5ab661ac5542995eadeeffb1,bridge,0.5,0.5,0.5,0.5,0.0,0.0,0.5,0.1,1.0,0.0,0.0
5a7c74a65542990527d554b0,comparison,0.5,0.5,0.5,0.5,0.0,0.0,0.5,0.1,1.0,0.0,
5a7ed5af5542994959419a84,comparison,1.0,1.0,1.0,1.0,1.0,1.0,1.0,0.2,1.0,1.0,
5a89bb0b5542992e4fca83a0,bridge,1.0,1.0,1.0,1.0,1.0,1.0,1.0,0.2,1.0,1.0,1.0
5a7b9f1f554299294a54aa2a,comparison,0.5,1.0,1.0,1.0,0.0,1.0,0.5,0.2,0.5,1.0,
5a8843cd5542994846c1ce75,bridge,0.5,0.5,0.5,1.0,0.0,0.0,0.5,0.1,1.0,0.0,0.0
5ae3a0be5542991a06ce9a05,bridge,0.5,0.5,1.0,1.0,0.0,1.0,0.5,0.2,1.0,1.0,0.0
5a7128b05542994082a3e5f2,comparison,0.5,0.5,1.0,1.0,0.0,1.0,0.5,0.2,1.0,1.0,
5ae13c5155429920d5234336,bridge,0.5,0.5,0.5,0.5,0.0,0.0,0.5,0.1,1.0,0.0,0.0
5a8b20335542996c9b8d5fb3,bridge,0.0,0.0,0.5,1.0,0.0,0.0,0.0,0.1,0.1,0.0,0.0
5abbee315542993f40c73c1d,comparison,1.0,1.0,1.0,1.0,1.0,1.0,1.0,0.2,1.0,1.0,
5ae75eb15542995703ce8bf8,bridge,0.5,1.0,1.0,1.0,0.0,1.0,0.5,0.2,1.0,1.0,0.0
5ab7f6d35542993667794070,bridge,0.5,0.5,0.5,1.0,0.0,0.0,0.5,0.1,1.0,0.0,0.0
5adf5daf5542995534e8c79d,comparison,1.0,1.0,1.0,1.0,1.0,1.0,1.0,0.2,1.0,1.0,
5ae8164d5542994a481bbeb6,bridge,1.0,1.0,1.0,1.0,1.0,1.0,1.0,0.2,1.0,1.0,1.0
5a7ec7f355429934daa2fc64,comparison,1.0,1.0,1.0,1.0,1.0,1.0,1.0,0.2,1.0,1.0,
5ab1ea0a554299340b52542a,bridge,0.5,1.0,1.0,1.0,0.0,1.0,0.5,0.2,0.5,1.0,1.0
5a7a0a2d5542990783324e06,bridge,0.5,0.5,0.5,1.0,0.0,0.0,0.5,0.1,1.0,0.0,0.0
5ac09d265542992a796ded39,bridge,1.0,1.0,1.0,1.0,1.0,1.0,1.0,0.2,1.0,1.0,1.0
5ac0d981554299012d1db646,bridge,0.5,1.0,1.0,1.0,0.0,1.0,0.5,0.2,1.0,1.0,0.0
5a7bd791554299683c1c62c2,bridge,0.5,0.5,0.5,1.0,0.0,0.0,0.5,0.1,1.0,0.0,0.0
5a846da0554299334474611e,bridge,0.5,0.5,0.5,1.0,0.0,0.0,0.5,0.1,1.0,0.0,0.0
5ade09945542997545bbbe2c,bridge,0.5,0.5,0.5,0.5,0.0,0.0,0.5,0.1,1.0,0.0,0.0
5ae3b1ba5542992f92d82343,bridge,0.5,0.5,0.5,0.5,0.0,0.0,0.5,0.1,1.0,0.0,0.0
5a76f7e855429972597f1404,bridge,0.0,0.0,0.5,0.5,0.0,0.0,0.0,0.1,0.1,0.0,0.0
5abce3015542993a06baf995,bridge,0.5,0.5,0.5,1.0,0.0,0.0,0.5,0.1,1.0,0.0,0.0
5ae4d0ff55429913cc204511,comparison,0.5,0.5,0.5,1.0,0.0,0.0,0.5,0.1,0.5,0.0,
5a811152554299260e20a22e,bridge,1.0,1.0,1.0,1.0,1.0,1.0,1.0,0.2,1.0,1.0,1.0
5a7502345542993748c89795,bridge,0.5,0.5,1.0,1.0,0.0,1.0,0.5,0.2,0.5,1.0,1.0
5adf076f5542992d7e9f9277,bridge,1.0,1.0,1.0,1.0,1.0,1.0,1.0,0.2,1.0,1.0,1.0
5a77b6325542997042120af7,comparison,0.5,1.0,1.0,1.0,0.0,1.0,0.5,0.2,1.0,1.0,
5ab5279d5542996a3a96a03f,bridge,0.0,0.0,0.5,0.5,0.0,0.0,0.0,0.1,0.14285714285714285,0.0,0.0
5a823f61554299676cceb234,comparison,0.5,1.0,1.0,1.0,0.0,1.0,0.5,0.2,1.0,1.0,
5a88e3cc5542997e5c09a6c2,bridge,1.0,1.0,1.0,1.0,1.0,1.0,1.0,0.2,1.0,1.0,0.0
5a739ef955429978a71e904b,bridge,0.5,1.0,1.0,1.0,0.0,1.0,0.5,0.2,1.0,1.0,0.0
5a7a1d305542990783324e66,comparison,0.5,0.5,1.0,1.0,0.0,1.0,0.5,0.2,1.0,1.0,
5a7b542455429927d897bf92,bridge,0.5,1.0,1.0,1.0,0.0,1.0,0.5,0.2,1.0,1.0,0.0
5abbfc2b554299642a094bc9,bridge,0.0,0.0,0.0,1.0,0.0,0.0,0.0,0.0,0.07142857142857142,0.0,0.0
5a874ce15542996432c57256,bridge,0.0,0.0,0.0,0.0,0.0,0.0,0.0,0.0,0.0,0.0,0.0
5addf0fd5542997dc79070d2,bridge,1.0,1.0,1.0,1.0,1.0,1.0,1.0,0.2,1.0,1.0,1.0
5ac0c5805542992a796ded80,bridge,0.0,0.0,1.0,1.0,0.0,1.0,0.0,0.2,0.125,1.0,1.0
5ab66e1355429954757d32b2,comparison,1.0,1.0,1.0,1.0,1.0,1.0,1.0,0.2,1.0,1.0,
5ae15d70554299422ee9966f,bridge,0.5,1.0,1.0,1.0,0.0,1.0,0.5,0.2,1.0,1.0,1.0
5ae446825542995ad6573d21,bridge,0.5,0.5,1.0,1.0,0.0,1.0,0.5,0.2,1.0,1.0,0.0
5abc5603554299700f9d7875,bridge,1.0,1.0,1.0,1.0,1.0,1.0,1.0,0.2,1.0,1.0,1.0
5adfff0755429925eb1afbce,bridge,0.5,0.5,0.5,0.5,0.0,0.0,0.5,0.1,1.0,0.0,0.0
